site,SOM,event_start,season,clust_wat_4cl,clust_wat_5cl,clust_wat_6cl,NO3_kg_km2,SRP_kg_km2,event_NO3_SRP,turb_kg_km2,turb_event_max,rain_event_total_mm,rain_event_hrs,rain_int_mmPERmin_max,API_4d,q_event_max,solarRad_4d,q_4d,SoilTemp_pre_wet_15cm,VWC_pre_wet_15cm,time_sinceLastEvent,diff_airT_soilT,gw_1d_well1,gw_1d_well3,gw_1d_well5,gw_1d_well7,gw_1d_allWells,gw_4d_well1,gw_4d_well3,gw_4d_well5,gw_4d_well7,gw_4d_allWells
Hungerford,turb_kg_km2,2017-11-19 03:00:00,fall,1,4,4,17.81873397443975,1.7416627130477595,22.623768867079594,191.21424051913905,64.72733333333333,11.200000000000001,13.166666666666666,0.08,12.237875,2.952095204,55.21006944444444,1.1001324838203126,0.18209379092059128,0.7068565156922536,10.802083333333334,-3.8113194444444445,NA,NA,NA,NA,NA,NA,NA,NA,NA,NA
Hungerford,turb_kg_km2,2017-11-22 09:45:00,fall,1,4,4,NA,NA,NA,NA,9.387333333333334,3.2,3.4166666666666665,0.04,12.580133749999998,1.658639161,38.357638888888886,1.63740493496875,0.13335127973558125,0.8796199624337433,1.40625,5.188437500000001,NA,NA,NA,NA,NA,NA,NA,NA,NA,NA
Hungerford,turb_kg_km2,2017-11-25 22:15:00,fall,1,4,4,NA,NA,NA,NA,10.037333333333333,8.4,16.083333333333332,0.08,11.014993749999999,2.805947578,31.157118055555557,1.4457830512578125,0.14076515149200713,0.89521226859572,2.4270833333333335,3.9457291666666667,NA,NA,NA,NA,NA,NA,NA,NA,NA,NA
Hungerford,turb_kg_km2,2017-11-28 08:00:00,fall,1,4,5,50.11288372254524,0.12094324420219217,916.262570857166,123.90160487533979,18.633333333333333,4.6000000000000005,58.5,0.12,11.80195,1.862932544,28.026041666666668,1.6997662001848959,0.11800413275124262,0.9121201041361707,0.22916666666666666,-10.794583333333332,NA,NA,NA,NA,NA,NA,NA,NA,NA,NA
Hungerford,turb_kg_km2,2018-04-04 02:30:00,spring,1,4,4,13.101435428759409,0.025344176328233645,1143.1227411750901,501.46786290378,142.13533333333334,14.4,16.333333333333332,0.12,14.914425,4.378217745,179.00086805555554,1.8612199922890624,0.10315362008551358,0.9907257879516089,3.6458333333333335,0.3738888888888887,-0.16428013468013467,-0.08661019202441078,-0.2588753682659933,-0.9384486005892256,0.7609830277709989,-0.15539921085858585,-0.08090021425189393,-0.25084655145202023,-0.8590520701809764,0.7326710785304252
Hungerford,turb_kg_km2,2018-04-12 18:15:00,spring,1,4,4,5.693493592712726,8.090242274394761e-4,15562.145597543737,77.04234537097355,53.638666666666666,10.8,28.166666666666668,0.12,10.8,2.102315436,186.06423611111111,0.804747474,0.07281348554866622,0.9599621288883937,7.395833333333333,2.798385416666666,-0.2005219476010101,-0.10699716372053872,-0.31635995370370373,-1.0303315446127945,0.8449945141672792,-0.19512670059974746,-0.09689639551767677,-0.32270573653198653,-1.007051970223064,0.8346978426868629
Hungerford,turb_kg_km2,2018-04-13 21:30:00,spring,1,4,4,14.295955118048399,0.11616479384916988,272.1390192758514,344.354519659683,139.45466666666667,11,42.75,0.08,19.1985,3.750368678,148.56597222222223,0.9715506062968751,0.23593633058638633,0.9589457025186221,0.010416666666666666,0.1650694444444447,-0.1857274537037037,-0.12337192845117845,-0.24113756313131313,-0.9165051704545455,0.9023295445627311,-0.1934548016624579,-0.10652147514204545,-0.3063849610690236,-0.9930344549663299,0.8442195699507867
Hungerford,turb_kg_km2,2018-04-16 06:00:00,spring,1,4,4,45.81455611403263,0.7396114153932145,136.97838545578537,2106.1991320254465,489.77466666666663,14,47.25,0.12,30.9631525,6.473370514,87.27777777777777,1.7131403339140625,0.09513899538688286,0.9590961575024161,0.6041666666666666,-2.695277777777778,-0.1795385101010101,-0.08550556165824916,-0.24179482323232324,-0.9357538930976431,0.901028791239958,-0.18542341593013467,-0.09930408664772727,-0.24988767518939395,-0.9181133914667509,0.8864791465218325
Hungerford,turb_kg_km2,2018-04-20 14:45:00,spring,1,4,4,8.256548548776403,6.736066992479384e-4,27104.68138693217,25.626034390938464,10.868,0.6000000000000001,0.9166666666666666,0.04,12.69357125,1.644675176,79.84201388888889,2.829673079697917,0.13684786826435733,0.9600473101257548,2.0520833333333335,-2.546423611111111,-0.18425132470538721,-0.09572536100589225,-0.2475533291245791,-0.906763818392256,0.9038546648929432,-0.16252919533880472,-0.07784144591750841,-0.23075554608585858,-0.7922757165404041,0.9344055209915382
Hungerford,turb_kg_km2,2018-04-25 14:00:00,spring,2,5,6,32.98749786423338,1.4122193287241507,51.653456574472756,1307.7974010090386,227.18066666666667,34.2,66.5,0.12,34.2,6.455614798,237.44444444444446,1.0178471373463542,0.2697080759755408,0.9418070925779094,4.072916666666667,7.436909722222222,-0.23043638047138046,-0.13265027041245792,-0.37646454124579126,-1.0126561447811446,0.8214006854806254,-0.21290667902988217,-0.11215610008943602,-0.3222785135206229,-0.9850047119633838,0.836099443455255
Hungerford,turb_kg_km2,2018-04-29 07:30:00,spring,2,5,6,49.00558817901909,1.3827637426820774,78.3699894002147,2221.8708865024323,275.132,29.6,56.25,0.08,60.124663749999996,7.963940085,103.80729166666667,2.7050226680520835,0.4030938799112563,0.9399345308628385,1.2604166666666667,0.6335069444444432,-0.17278002735690237,-0.09964682859848485,-0.2405163667929293,-0.8945857533670034,0.9136217039596962,-0.16960059632786195,-0.08937835277251684,-0.23133694812710437,-0.8007807504734848,0.9325895745791046
Hungerford,turb_kg_km2,2018-05-03 08:45:00,spring,1,4,4,14.941645572821384,0.23241148828551236,142.1651029887792,208.3028970066519,109.654,10.200000000000001,33.25,0.24,33.9946025,3.711320817,127.62239583333333,3.4778426148854167,0.46969235240555784,0.9338050853833063,1.75,7.932048611111112,-0.19539227062289563,-0.11000322211700336,-0.2597666245791246,-0.9136052451599327,0.8887851887251305,-0.1693687105429293,-0.09686905463489057,-0.2210110516624579,-0.7357405521359428,0.9462035904936827
Hungerford,turb_kg_km2,2018-05-04 19:00:00,spring,1,4,4,13.595923564081843,0.14696081126343608,204.57819333625352,126.44877453246731,92.41933333333334,3.2,3.3333333333333335,0.27999999999999997,14.21190125,2.898773285,134.68663194444446,2.365133650708333,0.5621226787675738,0.9328511218666876,0.010416666666666666,1.3020833333333321,-0.17252693181818182,-0.08476140677609427,-0.20629040404040405,-0.8051656618265993,0.9470937102618312,-0.17961782880892255,-0.09810866203703704,-0.229248992003367,-0.8345871477798822,0.9125718574844188
Hungerford,turb_kg_km2,2018-05-15 09:00:00,spring,4,3,3,NA,NA,NA,9.7114225013234865,8.575638888542674,8.4,5.833333333333333,0.12,8.4,0.742126684,279.44444444444446,0.5091941543489583,0.5637592015528586,0.6667037675165228,9.239583333333334,5.6775868055555545,-0.46521875210437713,-0.3663752925084175,-0.6108028198653198,-1.0880217803030303,0.5276869130935865,-0.41776643676346803,-0.31508166114267677,-0.5658232060185185,-1.075398726851852,0.5709211581278891
Hungerford,turb_kg_km2,2018-05-20 06:30:00,spring,4,3,3,3.047118172696466,4.249868237074521e-4,15854.990905127179,9.961263249580082,8.188666666666666,7.6000000000000005,14.083333333333334,0.16,8.360000000000001,0.562786674,239.53645833333334,0.413157885546875,0.5938158683532997,0.5627804074739715,3.03125,1.2153819444444451,-0.4788940446127946,-0.37744507575757574,-0.6438077651515152,-1.0975520833333334,0.5002538406664561,-0.4482428101325758,-0.344934601746633,-0.5826409669612794,-1.0948394097222223,0.5329929154207528
Hungerford,turb_kg_km2,2018-05-26 07:30:00,spring,4,3,3,3.661397792070274,0.0010080105447020273,8032.190598288898,24.61658119331172,14.327333333333334,13.6,45.583333333333336,0.64,14.414506249999999,0.540681238,194.76736111111111,0.31971913680208336,0.6498928389856434,0.5322193874899002,4.052083333333333,6.02107638888889,-0.5873679008838384,-0.505682095959596,-0.7704740793350169,-1.1256522516835017,0.3960777659657898,-0.5339259098800505,-0.44525212489478116,-0.7115557946654041,-1.1292072916666667,0.4213628244182014
Hungerford,turb_kg_km2,2018-06-30 21:30:00,summer,4,2,2,NA,NA,NA,NA,NA,11.6,44.583333333333336,0.44000000000000006,19.7450625,0.51907487,108.11371527777777,0.12425034347395833,0.7809277525225693,0.2420721335843036,31.979166666666668,3.0685763888888893,-1.0230739688552188,-0.8475829787457912,-0.9965602904040404,-1.2019465488215488,0.19820529321880132,-1.0030423153409092,-0.8314650013152357,-0.98611093381734,-1.1961641966540404,0.19043492960595138
Hungerford,turb_kg_km2,2018-07-25 19:00:00,summer,3,1,1,0.8726927454641451,0.21245282984896546,9.083453784939111,19.66015345754189,37.17466666666667,48.8,49.833333333333336,0.76,50.12893125,0.3997671,143.77604166666666,0.07460354638671875,0.9148121759455774,0.06394360473690575,22.479166666666668,3.6886111111111113,-1.3625576599326599,-1.0777658880471381,-1.140342276936027,-1.3527171717171718,0.030713782057629053,-1.358751630892256,-1.0662020728114479,-1.1393377788299663,-1.3138636100589225,0.02742480904056072
Hungerford,turb_kg_km2,2018-08-08 19:15:00,summer,3,1,1,1.0993069557792536,0.14480197052592947,16.7879114322735,32.42490864190048,62.59533333333333,42,9.083333333333334,1,45.025275,0.680889898,190.03125,0.08352034514583333,0.9799910545148389,0.278117530353115,11.78125,-0.369010416666665,-1.088099957912458,-0.9138963026094277,-1.089676872895623,-1.2365866477272727,0.14749985283558398,-1.057719696969697,-0.890911861584596,-1.0482903777356902,-1.2245368239688552,0.15072440756753494
Hungerford,turb_kg_km2,2018-10-02 13:45:00,fall,4,2,2,0.5606472008856613,0.056629569308805916,21.892661640607614,NA,13.142666666666667,28.8,57.166666666666664,0.16,36.3998575,0.350038974,93.60329861111111,0.10789196366666667,0.6648758775890327,0.3584169793481658,53.083333333333336,-4.849635416666667,-0.8670854945286196,-0.6777200599747475,-0.8372552662037037,-1.1697489478114478,0.3087181993108154,-0.8772308643728957,-0.709219832438973,-0.8728756904987374,-1.1785324074074075,0.2690577702116808
Hungerford,turb_kg_km2,2018-10-11 10:00:00,fall,4,2,2,1.6284439747464858,0.1471202840424544,24.476675615486215,12.255064724193657,18.865333333333332,20.2,46.333333333333336,0.4,21.445901250000002,0.527657697,75.21180555555556,0.13621833717708334,0.6429016180070213,0.390731502658075,6.84375,0.14210069444444606,-0.6682122264309764,-0.5150676483585859,-0.7771451346801347,-1.1723993055555555,0.375641045447039,-0.6418505366161616,-0.4840234269781145,-0.7356524663299663,-1.1650517939814815,0.37850916475325724
Hungerford,turb_kg_km2,2018-10-27 22:00:00,fall,4,2,2,1.773687621744762,0.47078439339244116,8.33119391413481,15.599274336113288,53.41866666666667,17.400000000000002,53,0.16,25.760475000000003,0.313564268,56.94097222222222,0.15011651275260418,0.3262561564724514,0.4194689925332341,14.229166666666666,-4.112638888888888,-0.6157969276094276,-0.4602907733585858,-0.6967483038720539,-1.1506342592592593,0.419795897187938,-0.6305065761784512,-0.4700006084280303,-0.7119611710858585,-1.1400501893939394,0.3956067892024078
Hungerford,turb_kg_km2,2018-11-01 18:45:00,fall,2,5,6,92.91506111048734,3.2526156105935087,63.169223761342295,914.6495007709808,231.39466666666667,49.800000000000004,95.75,0.12,60.96418625,6.037718507,28,0.3254987524609375,0.32090568747878784,0.6408016949765233,2.5729166666666665,1.1771180555555558,-0.4348603745791246,-0.2870871212121212,-0.47728031776094276,-1.0396715067340068,0.6385694979337159,-0.46030776515151517,-0.31056761100589225,-0.49601206465698655,-1.0646415982744108,0.5893547206745867
Hungerford,turb_kg_km2,2018-11-06 16:00:00,fall,1,4,4,24.086353335787585,0.20721800828763287,257.0370470659744,30.257952432640014,13.082666666666666,5.6000000000000005,8.166666666666666,0.08,28.1039325,1.394177891,31.98871527777778,1.9111885131223958,0.2894685942997417,0.9107489941510728,1.1145833333333333,1.0778472222222222,-0.3808382786195286,-0.22570401936026938,-0.4562995580808081,-0.9747807796717172,0.7110109170339529,-0.33293592171717173,-0.17994723274410773,-0.38104164299242427,-0.8351004563867845,0.7915149032301436
Hungerford,turb_kg_km2,2018-11-09 22:45:00,fall,1,4,4,40.110324621517265,0.7960216402481005,111.42521167438869,136.69023555063714,45.122,18.8,17.25,0.08,23.3783825,2.97838915,40.7421875,0.8295496154609375,0.31230747009864374,0.8154555876092804,1.2916666666666667,-4.433923611111112,-0.41072969276094273,-0.2620077861952862,-0.4977909880050505,-1.0407049663299663,0.6546013187650298,-0.38264334648569026,-0.2303389746422559,-0.45790974878998314,-0.9934110535037879,0.6869225259582127
Hungerford,turb_kg_km2,2018-11-13 10:15:00,fall,1,4,4,15.051481161757572,0.056738414809170155,586.6164085474411,18.572806380879626,9.552666666666667,7.4,14.666666666666666,0.08,23.18565125,1.462271829,56.197916666666664,1.151776101734375,0.1889195401529786,0.9228180588436327,1.0208333333333333,-0.4331597222222223,-0.3589439183501683,-0.20828503787878788,-0.43924736952861954,-1.0030052609427609,0.7169478299291719,-0.3403773937289562,-0.19150852272727273,-0.4008728046085859,-0.9352546314709596,0.750422101399858
Hungerford,turb_kg_km2,2018-11-25 06:30:00,fall,1,2,5,73.70495668681839,7.171310086855625,22.7274315747286,504.80759766493236,111.43066666666667,13.600000000000001,100,0.08,14.740000000000002,3.621105828,68.95138888888889,0.3390586754661458,0.12984190222233447,0.7844188252432636,10.166666666666666,-0.663298611111111,-0.401888468013468,-0.2520626052188552,-0.5064837962962964,-1.0246081649831649,0.6538011913035594,-0.4099762084385522,-0.25921765940656566,-0.5086151499368687,-1.0425584227693603,0.6256721353974416
Hungerford,turb_kg_km2,2019-03-24 13:00:00,spring,1,4,4,NA,NA,NA,NA,NA,18,4.583333333333333,0.12,23.46915,2.77137381717116,100.66666666666667,1.691232234710744,0.0042280022485600205,0.6816716135510088,0.020833333333333332,-4.319409722222222,NA,-0.23487184343434342,NA,-0.6864307207491582,0.885182236030952,NA,-0.22075270938552188,NA,-0.6172770415088384,0.9002484531560198
Hungerford,turb_kg_km2,2019-03-25 12:30:00,spring,1,4,4,NA,NA,NA,NA,NA,0.2,0.08333333333333333,0.04,22.071897499999995,2.69346792610361,115.58246527777777,2.2258523165881625,0.005504665900881956,0.6886745728238327,0.010416666666666666,-1.7346180555555555,NA,-0.2284436026936027,NA,-0.8236960437710438,0.7934940286680283,NA,-0.22732054924242426,NA,-0.6997782041771885,0.8409592922574354
Hungerford,turb_kg_km2,2019-03-26 06:15:00,spring,1,4,4,NA,NA,NA,NA,NA,0,0,0,20.344630000000002,2.91298028694379,141.78645833333334,2.594537891928333,0.003376893147012065,0.700505658364086,0,-6.249340277777778,NA,-0.23262415824915825,NA,-0.8940888920454545,0.7427092939317217,NA,-0.22898245475589227,NA,-0.7508265503998316,0.8054887298220601
Hungerford,turb_kg_km2,2019-03-26 13:00:00,spring,1,4,4,NA,NA,NA,NA,NA,0,0,0,18.408767499999996,2.55805825380299,167.98350694444446,2.666103154216464,0.0038024476977860425,0.7020279051914932,0.010416666666666666,-6.583402777777778,NA,-0.23410984848484848,NA,-0.9076810248316498,0.7325616617006783,NA,-0.23002993476430977,NA,-0.7705539280829125,0.7915763000043812
Hungerford,turb_kg_km2,2019-03-27 03:45:00,spring,1,4,4,NA,NA,NA,NA,NA,0,0,0,15.613249999999999,2.73659404398234,192.61024305555554,2.523032056970484,0.0042280022485600205,0.7121136360369,0.09375,-7.3334375,NA,-0.23683385942760943,NA,-0.9281756670875421,0.717017120256129,NA,-0.23257260101010102,NA,-0.8198931563026094,0.7568195907372456
Hungerford,turb_kg_km2,2019-03-27 13:00:00,spring,1,4,4,NA,NA,NA,NA,NA,0,0,0,15.3217425,2.42658077612899,217.41753472222223,2.504851956641485,0.0025257840454641113,0.7169454532850219,0.010416666666666666,-6.691597222222223,NA,-0.24102251683501683,NA,-0.9500220486111111,0.6998003097215018,NA,-0.2346020622895623,NA,-0.8433253427504208,0.739897145616802
Hungerford,turb_kg_km2,2019-03-28 09:15:00,spring,1,4,4,NA,NA,NA,NA,281.1446666666667,2.4000000000000004,27.583333333333332,0.08,2.5629012500000004,8.34093944019753,230.39756944444446,2.381350734659846,0.0021048200378867604,0.7216795626633874,0.34375,3.2370833333333335,NA,-0.23654114057239056,NA,-0.9720574494949494,0.6868183402023718,NA,-0.23454440235690235,NA,-0.9028427083333334,0.6995513363135413
Hungerford,turb_kg_km2,2019-03-30 15:45:00,spring,1,4,4,39.300499277202036,1.7119696994351565,50.763804087041244,3332.3825648399793,473.56,10.4,3.9166666666666665,0.12,12.684275000000001,9.31432113458902,122.74131944444444,3.5509009325321466,8.419280151547049e-4,0.71202280343083,0.041666666666666664,1.072673611111111,-0.6928831018518519,-0.22466624579124578,-0.3673499579124579,-0.7000090214646465,0.8014618457062596,-0.6775982823155412,-0.22924842829335018,-0.34877759677998255,-0.8308207917718855,0.7462810637492557
Hungerford,turb_kg_km2,2019-04-02 08:45:00,spring,1,4,4,30.28130191555839,0.0449310877047717,1490.3208466638102,328.48437420270216,52.190666666666665,1.2000000000000002,1.1666666666666667,0.08,10.213766249999999,4.13697307439294,104.68402777777777,5.229384464005893,8.419280151547049e-4,0.7494978126336296,0.020833333333333332,-1.3967708333333333,-0.7234093728956229,-0.23300667087542087,-0.4307336574074074,-0.7315795991161617,0.7659822924932167,-0.6984656902356903,-0.226496985479798,-0.3814520643939394,-0.6342961923926768,0.8009844506323611
Hungerford,turb_kg_km2,2019-04-05 08:15:00,spring,1,4,4,21.414240001721492,0.0020816828055961172,22747.845823667227,100.23282979315117,11.991333333333333,1.8,5.5,0.04,3.3617999999999997,2.90401298734983,211.63368055555554,3.291355478806129,0.0029697007690245897,0.777805115749509,0,-3.1415625,-0.7429471801346801,-0.24138636363636362,-0.45142887205387205,-0.8206009132996632,0.724018669143297,-0.7268958775252525,-0.23347799347643097,-0.43456441182659933,-0.7851946154250842,0.728465821182069
Hungerford,turb_kg_km2,2019-04-07 13:45:00,spring,1,4,4,75.60743674883793,1.290956124802991,129.5105649485948,796.2525028914664,103.53066666666666,13.200000000000001,55.75,0.12,15.339875000000001,4.97967033427245,144.76041666666666,2.8556656176982695,0.007046236107855989,0.8110137522567971,0,1.8656597222222224,-0.7431285774410774,-0.23911395202020203,-0.4474212962962963,-0.8740992213804714,0.7071293545234403,-0.7393988320707071,-0.2387138310185185,-0.4491590119949495,-0.8420114162457912,0.7016428402902368
Hungerford,turb_kg_km2,2019-04-12 14:30:00,spring,1,4,4,20.242643173275702,0.09073355320231787,493.34583544493483,113.7212909228658,42.34133333333333,2.6,35,0.12,8.018609999999999,2.78885680334686,135.55208333333334,3.256519343319732,0.06187868989170278,0.9294020511695735,0.8645833333333334,2.5948263888888885,-0.7287109638047138,-0.2136305765993266,-0.4242026515151515,-0.8711223695286195,0.7233908437033766,-0.7218496327861953,-0.21360783985690235,-0.41482063762626264,-0.7920802317445286,0.7374311716783618
Hungerford,turb_kg_km2,2019-04-14 18:15:00,spring,1,4,4,24.121641073244998,0.30852950141434826,172.88699228729845,252.84057918150347,122.14733333333334,11.200000000000001,25,0.2,13.366000000000001,3.85798735104459,180.4375,2.3669564161285943,0.16717887761242667,0.9333231673672581,0.0625,2.472986111111111,-0.714372159090909,-0.20133627946127947,-0.4096934974747475,-0.8525096801346801,0.7393991389448787,-0.7198833385942761,-0.20676154776936026,-0.41269938973063974,-0.8479794560185185,0.7211347085219679
Hungerford,turb_kg_km2,2019-04-19 20:00:00,spring,1,4,4,32.372753459705926,1.0055561498321393,71.1910631706887,1168.5554650285528,350.5106666666667,22.400000000000002,22.166666666666668,0.24,23.312000000000005,6.37668908078291,128.68229166666666,1.9233531573194913,0.17933323172820959,0.9269479344888523,3.1770833333333335,9.08,-0.7314186658249158,-0.2114029882154882,-0.4229207702020202,-0.9115207281144782,0.7098334092344846,-0.7238782736216329,-0.20849892019149832,-0.4202751354692761,-0.8805966277356903,0.7068514472876068
Hungerford,turb_kg_km2,2019-04-23 23:00:00,spring,1,4,4,18.002586488150122,0.39946303925402343,99.65761041214101,84.9019452533505,20.720666666666666,7.2,27.25,0.08,23.978828749999998,2.22895531561779,173.6796875,2.7518317293000134,0.35924581728383187,0.9260225001200377,2.2708333333333335,1.9821180555555546,-0.7324732744107744,-0.2064297138047138,-0.4284369739057239,-0.8755111531986532,0.7218725979475995,-0.7178789720117845,-0.1995178872053872,-0.40063702125420875,-0.7689432957175926,0.7534131857080093
Hungerford,turb_kg_km2,2019-04-26 11:45:00,spring,1,5,6,47.835744194069896,1.2097972100371284,87.43637047132576,1568.2544060231346,262.206,26.400000000000002,32.166666666666664,0.12,32.708475,7.50416577988185,143.60329861111111,1.8964362412331104,0.30316839619034763,0.9281307825611572,0.3645833333333333,0.6934722222222227,-0.7240384848484849,-0.19807677504208754,-0.4085678409090909,-0.8674633259680135,0.7335939435645232,-0.7256168223905723,-0.20072881891835018,-0.4122166629840067,-0.8583669923190236,0.7182300676105343
Hungerford,turb_kg_km2,2019-05-01 21:15:00,spring,1,4,4,52.51535444967633,0.27071487867432875,428.96942712799876,227.79925184549222,39.48733333333333,16.8,57.25,0.08,16.8,3.43041002334737,185.19618055555554,2.1943469533766184,0.28300457743931934,0.9362632946251109,2.9583333333333335,-2.2944097222222224,-0.7592115951178451,-0.2314614898989899,-0.4807626262626263,-0.8871632996632997,0.6927177745239841,-0.7331529356060605,-0.2073465382996633,-0.4267662563131313,-0.813908406986532,0.7263205202042549
Hungerford,turb_kg_km2,2019-05-07 06:45:00,spring,1,4,4,8.391508631253293,0.017489514484137016,1060.997736807507,25.754873039857877,9.828000000000001,7,5.166666666666667,0.12,14.004753749999999,1.93232404227781,172.35243055555554,2.14965220089397,0.465682616919677,0.9240794290079679,0.7708333333333334,4.494166666666667,-0.7522050715488215,-0.22512689393939395,-0.46386752946127946,-0.9021071127946129,0.6949278401709605,-0.7289392624158249,-0.20290930134680135,-0.4143457228535354,-0.8264498632154882,0.7273245943272674
Hungerford,turb_kg_km2,2019-05-10 01:15:00,spring,2,5,6,38.53022171916397,3.006642356291243,28.338176582813958,NA,128.6786666666667,43.800000000000004,21.083333333333332,0.2,49.801625,10.1842475224486,229.72829861111111,1.512923428179072,0.43511962027057227,0.9252960131855898,1.6041666666666667,-0.7163194444444443,-0.785988005050505,-0.2424977904040404,-0.5018546927609427,-0.9328769991582492,0.6636391678421357,-0.7568168736847644,-0.22003259653829965,-0.45657554450757576,-0.8965575833859428,0.6826986070271953
Hungerford,turb_kg_km2,2019-05-13 22:00:00,spring,1,4,4,35.937281784528174,0.24886535073885868,319.3250257473267,315.4251793773606,114.16933333333336,18.2,34.333333333333336,0.12,53.875373749999994,4.20292033095105,144.34895833333334,3.384016641226145,0.43326070073487205,0.9459762293216941,2.2291666666666665,0.4463541666666675,-0.7454906355218855,-0.20190361952861952,-0.4342418981481481,-0.8473617424242424,0.7288314713138497,-0.7197281026409933,-0.18196945362478956,-0.3866387450021044,-0.6793508549031987,0.7917065157220814
Hungerford,turb_kg_km2,2019-05-17 07:00:00,spring,1,4,4,9.333717063932154,0.00925584301375823,2229.9278788549777,17.752716296512713,6.427333333333333,3.2,3.0833333333333335,0.04,18.376914999999997,1.83412452070393,170.44878472222223,2.3245841151495568,0.4845142300702681,0.9370914033739718,0.9479166666666666,-1.283854166666666,-0.7150988499579124,-0.19020046506734006,-0.4238488078703704,-0.8689523916245792,0.7326068263555492,-0.721783761311027,-0.1876443397516835,-0.4045041842908249,-0.7895863744212963,0.7476574777205841
Hungerford,turb_kg_km2,2019-05-19 07:00:00,spring,1,4,4,27.820921394125598,1.4079028415406636,43.69693635114899,1032.2764342781159,473.77066666666667,19.6,17.583333333333332,0.48,22.533125000000002,5.66034343463635,182.30295138888889,1.7853678210974586,0.5059539664505863,0.9301808535577836,0.9895833333333334,-0.1362847222222232,-0.742266308922559,-0.22147811447811447,-0.4870908038720539,-0.9247436868686869,0.6836256264570049,-0.7227792369002525,-0.19697335911195285,-0.4336028269675926,-0.8677300486637205,0.7107111710563114
Hungerford,turb_kg_km2,2019-07-12 00:00:00,summer,3,1,1,2.226074505672132,0.4319312726669569,11.39665003486905,49.322950377078556,93.22533333333334,25.6,9.166666666666666,1.3599999999999999,25.6,0.748351531528738,256.06944444444446,0.29780434050532006,0.8309216297553167,0.32641146487125317,51.447916666666664,1.8531770833333354,-1.3400648674242424,-0.8363695044191919,-1.0207738941498317,-1.1977313762626263,0.1833925016976877,-1.3088795638678452,-0.8187838744212963,-1.0129608872579967,-1.2060943023989898,0.1752050001360801
Hungerford,turb_kg_km2,2019-07-30 16:00:00,summer,3,1,1,1.1743193813927177,0.16461556269201774,15.77493226784471,61.014759003618906,153.4286666666667,36,22.25,2,43.445625,1.04450151218162,228.26996527777777,0.23574038849206352,0.8887968453933217,0.24425864073857442,17.4375,3.734930555555554,-1.5406751893939394,-1.0466445707070706,-1.142869739057239,-1.2412464225589226,0.04637858785236379,-1.5358383049242423,-1.0398323600589225,-1.1417351641414142,-1.2501190814393939,0.02829134974922063
Hungerford,turb_kg_km2,2019-08-08 06:15:00,summer,3,1,1,6.397850675727593,0.6885571295199673,20.546898967830874,136.477679090563,134.32933333333335,49.6,29.416666666666668,0.76,61.39432125,2.23297928271883,238.45746527777777,0.3030147153489559,0.8339331818541506,0.35135577586941,7.65625,2.077100694444443,-1.2919097222222222,-0.8016482828282828,-0.9221051420454545,-1.2068369107744108,0.22406965913908644,-1.309592145412458,-0.8281566400989057,-0.9542410898042929,-1.2182579703282828,0.18452332958042567
Hungerford,turb_kg_km2,2019-09-02 07:00:00,fall,3,1,1,6.625427411338027,0.9167768160816594,15.980944506949406,91.13995545752775,38.172,49.4,59.083333333333336,0.4,50.42027624999999,1.32768742437367,200.75173611111111,0.42731919629338916,0.7686694763378243,0.37212779849699146,23.645833333333332,-0.0016319444444441444,-1.4599093013468014,-0.9477547074915824,-1.077626273148148,-1.231240845959596,0.1068200486110435,-1.432458648989899,-0.9329276815025253,-1.0547027330597643,-1.2301102430555555,0.10447274600197157
Hungerford,turb_kg_km2,2019-10-01 17:45:00,fall,2,1,2,22.93492609591784,1.748155443741802,29.011451868318435,NA,NA,35.4,55,1.1199999999999999,43.821251249999996,3.94265791920162,93.63628472222223,0.6063184360600679,0.6299348638556757,0.4331876663274248,26.364583333333332,-0.4805208333333333,-1.1070812920875421,-0.6163702851430977,-0.798859396043771,-1.185207218013468,0.3446633568938299,-1.116456602483165,-0.6174812663089225,-0.7666413007680977,-1.1727961463594276,0.3391477685744672
Hungerford,turb_kg_km2,2019-10-07 07:45:00,fall,1,4,4,25.496384270430966,0.9750050546437499,57.82609883934878,NA,NA,17.8,9.5,0.12,22.758382499999996,2.65924541268678,97.48350694444444,0.9802443619429827,0.49879595425818335,0.8531942129822353,3.34375,3.7823263888888903,-0.8464551946548822,-0.32887072074915824,-0.5293875462962963,-1.0739708207070706,0.5747753399062545,-0.7979543268623738,-0.28283540114688555,-0.472275811763468,-1.0612610553451178,0.5992347181107122
Hungerford,turb_kg_km2,2019-10-17 03:00:00,fall,2,5,2,51.34744091363935,4.301524058233604,26.396637778534846,1211.9088075743266,290.04866666666663,40.4,30.916666666666668,0.2,40.4,5.54347151864575,121.13194444444444,0.6929171047796664,0.47601741685236554,0.5449901497577574,7.71875,-0.4476909722222224,-0.9549765972222222,-0.4540332375841751,-0.6930853209175084,-1.1697423085016836,0.4467423731787383,-0.9292789788510101,-0.4281727233270202,-0.6557481681397306,-1.1616117345328283,0.45483435979640624
Hungerford,turb_kg_km2,2019-10-23 01:15:00,fall,1,4,4,16.759582691194275,0.05100659140495957,726.5894102273039,17.19271768686481,5.3,6.4,6.833333333333333,0.08,7.9014750000000005,1.45172688173584,96.8046875,1.2368027645045772,0.3857458464966435,0.8716614097753498,3.40625,2.539131944444444,-0.7978235563973064,-0.28872821654040404,-0.5137831881313131,-1.0717402567340066,0.5986513378779449,-0.7698425802293771,-0.2618064833228114,-0.44630283433291246,-1.026808094749579,0.6283832509694924
Hungerford,turb_kg_km2,2019-10-27 09:15:00,fall,1,4,4,35.17450608715585,1.9428552485493211,40.034990365654345,648.0593812109342,334.4386666666667,22.8,24.25,0.2,22.8,4.25832686115187,79.17881944444444,1.0976712604297898,0.4075732624104988,0.8623239411649869,2.3229166666666665,-3.1118055555555557,-0.8214971106902357,-0.31230609532828285,-0.5451337752525253,-1.0907530303030304,0.5734729662123462,-0.7905234211910774,-0.28151325231481483,-0.48136877577861953,-1.0558305371422558,0.600287886066633
Hungerford,turb_kg_km2,2019-10-31 04:00:00,fall,2,5,6,53.39207804592629,10.537440154428674,11.20453579462876,3939.191245439475,484.35,64.4,26.666666666666668,0.8400000000000001,83.03075875000002,11.6995887188309,66.77517361111111,1.9105328918969826,0.465613972180396,0.8730026342459629,1.3645833333333333,2.222083333333334,-0.7526754145622896,-0.24284035353535355,-0.4032157859848485,-0.9976341887626262,0.67354197111936,-0.7296504721696128,-0.2261974010942761,-0.38347762415824915,-0.9181416206334175,0.6985860686122829
