site,SOM,event_start,season,clust_wat_4cl,clust_wat_5cl,clust_wat_6cl,q_event_max,q_event_delta,q_event_dQRate_cmsPerHr,q_mm,rain_event_total_mm,rain_event_hrs,rain_int_mmPERmin_max,API_4d,solarRad_4d,q_4d,SoilTemp_pre_wet_15cm,VWC_pre_wet_30cm,PET_mmHR,diff_airT_soilT,gw_1d_well1,gw_1d_well2,gw_1d_well3,gw_1d_well4a,gw_1d_well5,gw_1d_allWells,gw_4d_well1,gw_4d_well2,gw_4d_well3,gw_4d_well4a,gw_4d_well5,gw_4d_allWells
Wade,water,2017-08-18 05:00:00,summer,1,1,6,0.0865561892,0.0509468186,0.005993743364705882,0.4499059455916168,6.8,24.5,0.12,13.487525,115.95175438596492,0.059137092575520835,0.8395165980638045,0.42254789710709106,4e-4,1.2151562499999997,NA,NA,NA,NA,NA,NA,NA,NA,NA,NA,NA,NA
Wade,water,2017-08-19 15:00:00,summer,1,1,6,0.1009285506,0.0477492716,0.009549854319999999,0.6899055746443113,5.6000000000000005,15.416666666666666,0.4,15.70363,111.62362637362638,0.061010809189583334,0.8930553286834275,0.4548813067704757,0.164,3.2239930555555567,NA,NA,NA,NA,NA,NA,NA,NA,NA,NA,NA,NA
Wade,water,2017-08-22 15:30:00,summer,1,1,6,0.147527388,0.11375856300000001,0.007845418137931034,0.7333574780479042,13.4,11.416666666666666,0.32,19.25724875,96.01822916666667,0.06148018531614583,0.9334121014918451,0.45277459735898046,0.2777,4.742673611111112,NA,NA,NA,NA,NA,NA,NA,NA,NA,NA,NA,NA
Wade,water,2017-09-03 11:00:00,fall,1,1,6,0.309166491,0.289783128,0.014860673230769231,1.153743709257485,24.6,45,0.12,25.937505,84,0.02049872549479167,0.6970694212766608,0.16887246474164563,0.0066,-0.5234201388888895,NA,NA,NA,NA,NA,NA,NA,NA,NA,NA,NA,NA
Wade,water,2017-09-05 10:45:00,fall,1,1,6,2.613908843,2.5613913729999997,0.2696201445263158,4.487907235257485,20.6,26.833333333333332,0.2,42.840925,74.52690972222223,0.06862770284375,0.7657482669991589,0.5090422661940197,0.0024,5.011215277777779,NA,NA,NA,NA,NA,NA,NA,NA,NA,NA,NA,NA
Wade,water,2017-09-07 01:00:00,fall,3,3,4,2.664002623,2.453696267,0.2582838175789474,11.190316693958083,19.8,32.916666666666664,0.16,60.1841675,40.75086805555556,0.31847798468489585,0.7557434921089821,0.6253334247206146,4e-4,-0.5100868055555559,NA,NA,NA,NA,NA,NA,NA,NA,NA,NA,NA,NA
Wade,water,2017-09-08 17:30:00,fall,3,3,4,0.467345482,0.097699323,0.032566441,0.7066356204610779,4,0.9166666666666666,0.36,41.887995,40.78038194444444,0.8167515133203125,0.7294657412004091,0.6268172140924896,0.3287,-1.1271874999999998,NA,NA,NA,NA,NA,NA,NA,NA,NA,NA,NA,NA
Wade,water,2017-10-08 11:15:00,fall,1,1,6,0.086029239,0.060678148999999994,0.009708503839999999,0.24594000919760478,12,23.083333333333332,1.1199999999999999,17.21284,50.25347222222222,0.024522231606770833,0.7409648863512608,0.08186976492839747,0.0081,6.470855034722222,NA,NA,NA,NA,NA,NA,NA,NA,NA,NA,NA,NA
Wade,water,2017-10-09 10:15:00,fall,1,1,6,2.444759914,2.405875439,0.300734429875,3.6654430276347307,29.400000000000002,24.25,0.16,40.61,44.763888888888886,0.030950857705729168,0.8154705415623006,0.18591648826720408,8e-4,2.0000694444444456,NA,NA,NA,NA,NA,NA,NA,NA,NA,NA,NA,NA
Wade,water,2017-10-24 16:15:00,fall,1,1,6,2.737527173,2.703758348,0.49159242690909094,3.8737347076886226,24,8,0.6799999999999999,24.19,55.34288194444444,0.033163844622395834,0.6001939864209505,0.36181970841920463,0.0931,6.486662326388888,NA,NA,NA,NA,NA,NA,NA,NA,NA,NA,NA,NA
Wade,water,2017-10-26 04:00:00,fall,3,3,4,3.448173297,3.287672619,0.18786700679999999,20.00310804199401,35.4,21.583333333333332,0.12,59.710499999999996,45.71180555555556,0.220731199453125,0.7057225994180407,0.9846729257308601,4e-4,-1.199583333333333,NA,NA,NA,NA,NA,NA,NA,NA,NA,NA,NA,NA
Wade,water,2017-10-29 10:00:00,fall,3,3,4,3.031342897,2.841675886,0.12222261875268817,16.63760611756886,23.200000000000003,31.083333333333332,0.2,55.24010375,40.11024305555556,1.0894369709427083,0.554746019954192,0.7014839318424092,8e-4,3.842692652329749,NA,NA,NA,NA,NA,NA,NA,NA,NA,NA,NA,NA
Wade,water,2017-11-01 19:15:00,fall,3,3,4,2.846549889,2.6488628619999997,0.1431817763243243,12.144394963562874,21,17.666666666666668,0.08,40.753919999999994,26.390625,0.94929287965625,0.503522937013307,0.727651128685195,0.0327,-5.013090277777778,NA,NA,NA,NA,NA,NA,NA,NA,NA,NA,NA,NA
Wade,water,2017-11-03 07:00:00,fall,3,3,4,3.693582806,2.6065562840000003,0.4344260473333334,18.327481686323353,20.6,6.166666666666667,0.24,46.994253750000006,25.9765625,1.3371133195286458,0.5648959635133985,0.7752295395892301,0.015,4.564583333333333,NA,NA,NA,NA,NA,NA,NA,NA,NA,NA,NA,NA
Wade,water,2017-11-05 18:30:00,fall,3,3,4,3.055094561,2.74592807,0.1356013861728395,19.893065424682636,20.400000000000002,20.833333333333332,0.2,55.16655625,27.31423611111111,1.543542895578125,0.4615581161435838,0.7709470437595523,0.0509,-3.0458333333333343,NA,NA,NA,NA,NA,NA,NA,NA,NA,NA,NA,NA
Wade,water,2017-11-16 06:00:00,fall,3,3,2,0.214675539,0.157148013,0.007395200611764706,1.1536437985868264,6,16.833333333333332,0.12,9.346517500000001,33.65711805555556,0.068851248796875,0.22275464007343215,0.5084488599754742,0.0067,-3.711571180555555,NA,NA,NA,NA,NA,NA,NA,NA,NA,NA,NA,NA
Wade,water,2017-11-19 00:00:00,fall,3,3,2,2.722017703,2.644992905,0.2115994324,7.928758871730539,16.8,9.416666666666666,0.16,22.2872,25.891493055555557,0.093405142078125,0.218056225399443,0.5211273460395317,0.0073,-7.763524305555555,NA,NA,NA,NA,NA,NA,NA,NA,NA,NA,NA,NA
Wade,water,2017-11-21 13:45:00,fall,3,3,2,0.309166491,0.130967174,0.004989225676190476,2.0847425378982036,1.8,25.75,0.04,24.3739,17.73611111111111,0.4750030094322917,0.2006316411780263,0.707771288425166,0.0142,-7.487708333333334,NA,NA,NA,NA,NA,NA,NA,NA,NA,NA,NA,NA
Wade,water,2017-11-25 13:00:00,fall,3,3,2,0.671882001,0.581986017,0.0363741260625,3.165326557329341,4.2,10.833333333333334,0.08,6.965283750000001,24.588541666666668,0.17163631751041666,0.13637776808035135,0.7403059347730847,0.0241,-1.5819184027777775,NA,NA,NA,NA,NA,NA,NA,NA,NA,NA,NA,NA
Wade,water,2017-11-27 23:30:00,fall,3,3,2,0.534843687,0.37768163299999996,0.03284188113043478,1.1457095673772455,0,0,0,5.04813375,13.252604166666666,0.21457579354427084,0.14600384034383676,0.7671788791789718,2e-4,-9.473263888888889,NA,NA,NA,NA,NA,NA,NA,NA,NA,NA,NA,NA
Wade,water,2017-11-28 22:45:00,fall,3,3,2,1.256115335,1.1147045420000001,0.06966903387500001,4.317157985443114,8.200000000000001,16.333333333333332,0.08,16.3253025,10.330729166666666,0.24921636928385416,0.13991298602781393,0.7583633984146613,0.0058,-8.536875,NA,NA,NA,NA,NA,NA,NA,NA,NA,NA,NA,NA
Wade,water,2017-11-30 21:00:00,fall,3,3,2,0.62296082,0.38995605,0.062392968,2.6962474181497007,5.6000000000000005,2.4166666666666665,0.12,16.95345,17.141493055555557,0.351683743046875,0.106705065175674,0.765104333952974,0.0198,-5.705590277777778,NA,NA,NA,NA,NA,NA,NA,NA,NA,NA,NA,NA
Wade,water,2017-12-05 13:00:00,winter,3,3,2,2.660143121,2.5682541039999998,0.16051588149999999,7.818403374377246,9.200000000000001,15.25,0.12,9.200000000000001,26.608506944444443,0.17221371130729166,0.11880711702304372,0.738529246763729,0.0132,-0.0173958333333335,NA,NA,NA,NA,NA,NA,NA,NA,NA,NA,NA,NA
Wade,water,2018-04-04 06:00:00,spring,4,5,2,2.664002623,2.643135818,0.27822482294736844,5.828276345982036,17.6,17.25,0.08,18.800325,107.54947916666667,0.05259221490104167,0.022537756271213828,0.8005262992959834,0.0031,2.194236111111111,-0.08595316915104166,-0.06855205504166667,0.010447888328125,-0.080010429171875,-0.3324376673385417,0.816117898742578,-0.08187762394661459,-0.06936457917057291,0.013864567299479167,-0.08025259791927083,-0.32247658996354167,0.8302516058003627
Wade,water,2018-04-12 12:45:00,spring,4,5,2,1.475215574,1.471987593,0.09496694148387096,3.514023677586826,20.6,19.25,0.27999999999999997,20.6,118.24565972222223,0.007505199742187501,0.0081575533034069,0.7880794112578835,0.0623,1.0373133680555557,-0.160291401859375,-0.07745889205729166,0.009708290869791667,-0.09237496919791667,-0.5139067162604166,0.7110548457104442,-0.44394523089453125,-0.07230351052083334,-0.068261703765625,-0.08542578062369792,-0.3548646963541667,0.6164330385806409
Wade,water,2018-04-13 15:30:00,spring,4,5,2,2.675587258,2.378553471,0.221260788,6.627277299556886,11.8,9.583333333333334,0.08,31.104,95.93142361111111,0.17450822053645834,0.005120922211270158,0.8431686607152834,0.0524,3.354409722222222,-0.065339703640625,-0.055748185802083336,0.020270815838541668,-0.060980273729166666,-0.2671062081822917,0.8803725130059602,-0.3063921480494792,-0.06827187733072916,-0.03219140105078125,-0.08054714551953125,-0.3446100610611979,0.7064052165132069
Wade,water,2018-04-16 13:45:00,spring,3,3,4,0.185770786,0.162196435,0.017073308947368422,0.8477660577125748,17,32.083333333333336,0.12,46.257149999999996,56.868923611111114,0.5036668142213542,0.009878186404471384,0.809184148581289,0.0771,-1.8951909722222222,-0.13459378330208333,-0.05907817078125,0.012437550786458333,-0.061906306625,-0.26276036672395836,0.8477719389593804,-0.09030991000260417,-0.057539186979166664,0.015002626434895833,-0.053703144811197916,-0.26197009392578124,0.883163344288595
Wade,water,2018-04-22 10:45:00,spring,4,5,2,0.129874686,0.11956260899999999,0.012925687459459458,0.26473284468862274,0,0,0,10.506809999999998,74.72482638888889,0.019777415231770835,0.012793111391102127,0.8014258390252829,0.0044,0.9433246527777777,-0.102786399234375,-0.060104090078125,0.02729170496875,-0.05035946742708333,-0.08775520583854167,0.9332277447557104,-0.11229556463020833,-0.058917937390625,0.0197291903359375,-0.059428391817708336,-0.1927134855078125,0.896543283775657
Wade,water,2018-04-23 10:45:00,spring,4,5,2,0.514692921,0.49223834099999997,0.05966525345454545,0.9807885442994012,0,0,0,8.74342,111.84114583333333,0.02560431965625,0.016555862948112232,0.8041587562069809,0.0057,2.659548611111111,-0.09989060086979167,-0.06335933917708333,0.025390694901041667,-0.051911349234375,-0.08503121003125,0.9286384445145925,-0.10970833004817708,-0.060494761967447915,0.02290759801171875,-0.05732811057421875,-0.14955464403385416,0.9141576228890932
Wade,water,2018-04-24 10:15:00,spring,4,5,2,2.667863146,2.589110368,0.2958983277714286,7.41770132691018,0,0,0,6.164526249999999,150.58506944444446,0.06857718977864584,0.02103647031933367,0.8192250280172599,0.0157,7.3770138888888885,-0.12109369753125,-0.095073310515625,0.012317730005208333,-0.078333280890625,-0.10233332252604167,0.8490221293732858,-0.11466590029817708,-0.0702268236171875,0.022730317354166668,-0.06024570184375,-0.1139605417421875,0.9095672602954531
Wade,water,2018-04-25 10:00:00,spring,1,4,1,3.318759674,2.493435708,0.2557369956923077,28.883700701407186,24.6,40,0.12,30.30154375,190.27604166666666,0.42381288778125,0.01718591968892156,0.875093504312648,0.0045,8.282534722222223,-0.11131770503125,-0.093203180765625,0.010364612463541667,-0.08237495003125,-0.08927090075520833,0.8549455213859061,-0.10881116316796875,-0.07775659284244792,0.01893753975,-0.06563799355989583,-0.09148177124609375,0.903023717222603
Wade,water,2018-04-27 13:00:00,spring,4,5,2,2.521882533,1.288157614,0.21469293566666667,5.932467828377246,1.6,12.5,0.04,23.934499999999996,108.55902777777777,1.800976649528646,0.11090574926926887,0.849966579881907,0.1832,3.516458333333333,-0.08653387596875,-0.069153661265625,0.016354185119791666,-0.026361972765625,-0.05098179536458333,0.9475907432308139,-0.09838483273046875,-0.080042656578125,0.0148350252734375,-0.055367028796875,-0.06973093769921875,0.9156347808702459
Wade,water,2018-04-28 11:30:00,spring,4,5,2,2.901360286,2.229478285,0.07250335886178862,17.84704224723952,22.6,25.416666666666668,0.12,45.55164375,86.78819444444444,2.0793800733255208,0.15452191968542067,0.8288921410242697,0.0277,4.1253125000000015,-0.13360191166145835,-0.07671726888020833,0.00497842803125,-0.045252233859375,-0.09254321602604167,0.8877059887082867,-0.10187893602083334,-0.075416680859375,0.013108064364583333,-0.047614586009114584,-0.06854694717057291,0.9250438146155953
Wade,water,2018-04-30 08:45:00,spring,4,5,2,1.640356564,1.0054841749999999,0.2872811928571428,3.862067064520958,12,2.3333333333333335,0.16,42.55330625,62.14496527777778,1.97742068840625,0.15607381105302498,0.8686348140235276,5e-4,-1.6019791666666663,-0.06491145667187499,-0.06602083333333333,0.016723976661458334,-0.030875025765625,-0.024562542479166668,0.9648911411653709,-0.10082031667317709,-0.07182162982552083,0.011444031622395833,-0.0367291764140625,-0.06085941138020833,0.9392821081025856
Wade,water,2018-05-01 12:30:00,spring,4,5,2,1.449235279,1.211427539,0.19382840624,3.7863647656167663,0.2,0.08333333333333333,0.04,34.0416125,70.4921875,1.4300395933515624,0.1966445543111654,0.8374204800442656,0.0331,1.819583333333333,-0.10642296530729167,-0.07529381480729166,0.008052050020833333,-0.038055315125,-0.06915839397916666,0.9134331479086464,-0.10598018250390626,-0.07367856839713542,0.0091209165234375,-0.0403516427109375,-0.06548661584375,0.9290606795243997
Wade,water,2018-05-02 09:30:00,spring,4,5,2,2.987892773,2.432171287,0.18016083607407407,11.726754375610778,7,15.583333333333334,0.24,36.743692499999995,90.45833333333333,1.2934621119296874,0.2685038704104192,0.8381532485352204,0.002,4.7759027777777785,-0.13615102602083334,-0.08724482036458334,0.010250004166666667,-0.058651112166666665,-0.10619270701041666,0.8640001364050233,-0.10666667895442708,-0.0761862364453125,0.010328132493489583,-0.0439115118359375,-0.06886591790364584,0.9226955618254283
Wade,water,2018-05-03 10:00:00,spring,4,5,2,3.214367892,2.0871651169999996,0.17393042641666664,13.845554258658682,12.600000000000001,14.166666666666666,0.12,43.770616249999996,101.40972222222223,1.4831298148984375,0.38506440367585204,0.8649438162007779,0.01,9.1459375,-0.12943224753645832,-0.09313013755729167,0.0040886274375,-0.06803124335416667,-0.09984890420833334,0.8503824658365315,-0.10665104188151042,-0.07970573688411459,0.010299497279947917,-0.0485130614375,-0.07295314124869792,0.9133768710610288
Wade,water,2018-05-04 15:15:00,spring,4,5,2,3.039256073,2.2440393039999997,0.34523681599999995,7.147397784664671,8.4,2.1666666666666665,0.44000000000000006,28.74607875,104.94618055555556,1.5811537102265625,0.4258858924230205,0.8736751579688035,0.1269,4.746319444444444,-0.09677082748958334,-0.08836978499479167,0.009921889161458333,-0.05184367840625,-0.05901562415625,0.895842032138669,-0.11740493605208334,-0.08644140959114584,0.008071630194010417,-0.05462502334244792,-0.08262110791015626,0.8911801402606936
Wade,water,2018-05-20 07:15:00,spring,1,1,6,0.067371502,0.060595988,0.011542092952380952,0.12017648966766467,8.8,6.166666666666667,0.12,11.84,166.8515625,0.007301319999069941,0.5168695289540082,0.6301094124246627,8e-4,2.7837152777777767,-0.17786984744270834,-0.09392712664583333,0.015489568354166667,-0.07389063746354167,-0.24337020884895832,0.789823431216992,-0.18213020708463543,-0.09834894626432292,0.014738300186197916,-0.07463931000651042,-0.2341330283828125,0.7895673930118813
Wade,water,2018-06-14 07:30:00,summer,1,1,6,0.082316726,0.07870454,0.010493938666666668,0.19784032859281436,29,34.333333333333336,0.4,29,181.484375,0.0012273467070312509,0.6248276417758067,0.3296115818596296,8e-4,7.486076388888886,-0.3508333209010417,-0.1081719191875,-0.01008343084375,-0.22310939169270833,-0.3621354109166667,0.5567532694136846,-0.4175755135559896,-0.1103151135703125,0.0020533377252604165,-0.26419261611067707,-0.4832226421236979,0.457387772229076
Wade,water,2018-06-18 12:45:00,summer,1,1,6,0.038884475,0.037475919,0.0030592586938775514,0.09031495664371257,24,19.666666666666668,0.27999999999999997,38.56955624999999,151.70225694444446,0.010786126713107639,0.7036322547509194,0.5499697021167494,0.0365,9.0203125,-0.3728697933333333,-0.10633331417708333,-0.023119774177083333,-0.22980645819270834,-0.4535103791927083,0.5077092210726235,-0.23715562026822917,-0.09480998116796875,-0.008096936391927084,-0.12595476618489584,-0.2717341158476563,0.7080810875884362
Wade,water,2018-07-25 22:15:00,summer,1,1,6,0.037104686,0.036200975499999996,0.01113876169230769,0.06824481952095808,38.800000000000004,20.75,0.44000000000000006,45.90854125,89.95659722222223,3.9870391536458424e-4,0.9450527590179991,0,0.0251,5.525477430555554,-0.6190875241979167,-0.21484912819270832,-0.23779156921875,-0.30759327288541666,-0.6123162686458333,0.030291306415559285,-0.6022820495664063,-0.20539700655989584,-0.23252596068359374,-0.3139778416966146,-0.6152379448697917,0.010944658632756874
Wade,water,2018-07-27 20:45:00,summer,1,1,6,0.064410944,0.063464483,0.013360943789473684,0.053590625299401194,10,1.5,0.24,45.198924999999996,103.40798611111111,0.003809435726562501,0.997997914689484,0.6465820048635502,0.0677,1.8175694444444446,-0.22960910688020833,-0.13182799675520834,-0.021604175807291667,-0.12795289933333334,-0.262369790828125,0.6560166937382654,-0.396250711109375,-0.156628920609375,-0.12188401049479167,-0.2180205918671875,-0.40114006442057293,0.374521847294617
Wade,water,2018-08-17 23:45:00,summer,1,1,6,2.772501457,2.771625836,0.692906459,1.567662920784431,31.6,13.75,0.5599999999999999,42.282275,88.73958333333333,7.876157786458343e-4,1,0.31244699943424564,0.0011,-0.2937239583333344,-0.4841703545625,-0.12221328520833333,-0.008734365854166667,-0.24562950891666666,-0.5126883801041667,0.43004610774130975,-0.4555904532734375,-0.1262809007174479,-0.015899934223958332,-0.23834744913671874,-0.47894814045833334,0.42854986311640003
Wade,water,2018-09-03 14:45:00,fall,1,1,6,3.0353313445000003,3.0349517140000004,0.6744337142222223,2.9399847985508982,51.8,5.916666666666667,0.76,51.8,85.51215277777777,5.998918541666677e-4,0.94300063831191006,0.15578782952625675,0.1824,6.849583333333332,-0.64837875365625,-0.18086961594270834,-0.21294261341145834,-0.326984356671875,-0.6119948133072917,0.06800765658292729,-0.6101349564322917,-0.1484320493515625,-0.14621861261979166,-0.3221158791640625,-0.5870130143828125,0.15041534633606587
Wade,water,2018-09-11 01:15:00,fall,1,1,6,0.062976195,0.0620586415,0.011820693619047619,0.0823138719251497,13.600000000000001,30.083333333333332,0.04,13.600000000000001,78.29947916666667,0.0012844648541666674,0.8118440521089509,0.25242368544474914,4e-4,-4.321093750000001,-0.5756668015520834,-0.10454722303125,-0.03308752086458333,-0.30963018916145835,-0.5654687399635416,0.3439023344793245,-0.5400548852513021,-0.10044180217838541,-0.0200537064296875,-0.30959897102343753,-0.5365976722669271,0.3583004782940113
Wade,water,2018-10-02 03:00:00,fall,3,1,6,2.7744276645,2.6902736025,0.2502580095348837,11.848827071856288,25.400000000000002,32,0.16,33.225221250000004,52.57725694444444,0.10682501455989583,0.6915631744644489,0.542393062622483,4e-4,-4.283046875,-0.24834969110416666,-0.0727290975625,0.0170312466875,-0.07380225733333333,-0.18842742305729165,0.8116642121894149,-0.3012038804388021,-0.07782541529166667,0.013437464830729167,-0.07901459684895833,-0.28078003034505206,0.7521013522280117
Wade,water,2018-10-06 22:45:00,fall,3,3,4,0.315403112,0.22648363449999998,0.02013187862222222,2.0019773210658682,8.200000000000001,19.833333333333332,0.08,10.04335625,40.140625,0.41170174286067707,0.6259159574964605,0.3841442714720207,5e-4,-1.5227256944444445,-0.311236425828125,-0.0787131195,0.00437932640625,-0.07611500963020833,-0.3531146116510417,0.7178658865835427,-0.21958373078385415,-0.07396057592057291,0.011466781485677084,-0.06503419762239583,-0.1733242223971354,0.8333004308633176
Wade,water,2018-10-11 07:15:00,fall,3,1,6,2.819219394,2.714465966,0.18403159091525426,10.49335631571557,20.2,12.666666666666666,0.44000000000000006,21.393105,30.9609375,0.15295479438020834,0.8065884799879799,0.4613213763991578,0.0014,5.4500954861111115,-0.33368224670833335,-0.09716683402083333,-0.015521194723958333,-0.09749992591666666,-0.4164218766510417,0.6378021348498556,-0.22965893096484374,-0.08606741211588542,-0.0017990087187500002,-0.0887804065234375,-0.24198960354166668,0.7634072379478871
Wade,water,2018-10-15 18:30:00,fall,3,3,4,0.291133891,0.161259205,0.015358019523809522,1.5531923618083832,3.8000000000000003,6,0.08,7.40954875,44.30381944444444,0.6352929968242188,0.5994917199938643,0.6401369782922435,0.0118,-6.0384375,-0.2716975477864583,-0.07376066894270833,0.0070781258177083336,-0.077213091203125,-0.38154171495833333,0.7294256207743656,-0.1923733296796875,-0.07113831620963541,0.013738196604166667,-0.07080552038411458,-0.21240104501041668,0.8312789819306536
Wade,water,2018-10-23 11:45:00,fall,3,3,4,0.2853957935,0.2092174345,0.009731043465116279,2.7190355736556886,10.4,24.666666666666668,0.12,11.35,49.94965277777778,0.11560860250390625,0.3943639634689503,0.3525583253073726,0.0036,-5.659253472222222,-0.298327866859375,-0.07511929872395834,0.021359879567708333,-0.08089055505208333,-0.47681772999479166,0.6949972868904586,-0.2966833893333333,-0.07696951668619792,0.0105642841796875,-0.08563928419921875,-0.46112244101041666,0.6857183706169023
Wade,water,2018-10-27 14:45:00,fall,3,3,4,0.92222833,0.8163042220000001,0.013835664779661019,8.774868246359281,18.2,54.5,0.12,26.362661249999995,28.734375,0.1681197980390625,0.23708340063209452,0.5662903033374764,0.0483,-5.560295138888889,-0.22937504994270833,-0.066666724109375,0.025744922421875,-0.07902606831770834,-0.34118756660416666,0.7782037268531907,-0.16848698332942708,-0.06499065497135417,0.027550978192708332,-0.0793033473359375,-0.18752621277734374,0.8610691178773263
Wade,water,2018-10-31 13:00:00,fall,3,3,2,2.167931258,1.8993303789999998,0.1117253164117647,6.969937878,10.200000000000001,27.666666666666668,0.12,25.26859125,18.881944444444443,0.4583427948567708,0.24636275460717752,0.8557056713228002,0.0168,-4.994409722222223,-0.14190644148958334,-0.062375128239583334,0.028542042203125,-0.08008363722916667,-0.13792184418229167,0.8817139660094738,-0.1275261415768229,-0.06067201635026042,0.027450970888020832,-0.07828018959114584,-0.10948421158723959,0.9097720207688798
Wade,water,2018-11-01 15:30:00,fall,3,3,4,3.298636089,2.108589439,0.172129750122449,19.951188551973054,26.6,35.5,0.08,37.37805875,17.977430555555557,0.7143845405625,0.31464597478176526,0.849843523395161,0.0619,-0.3427083333333334,-0.10784383076041666,-0.060255197489583336,0.026494082250000002,-0.08354205635416667,-0.06404171828645833,0.9165950780068554,-0.12438940784114584,-0.0624857784609375,0.026418101356770834,-0.08263180205338541,-0.10512887898437501,0.9062476505479564
Wade,water,2018-11-03 01:30:00,fall,3,3,4,3.701824901,1.122495078,0.08634577523076924,28.916578401332334,29,40.916666666666664,0.16,59.54155,15.0234375,1.4758622775039063,0.3736178467507275,0.8513090603770707,4e-4,-0.1437847222222226,-0.10088540665625,-0.05689054925520833,0.028291122119791668,-0.0642449948125,-0.034354120885416665,0.9470312812979337,-0.1156016305625,-0.059496110618489584,0.027838331216145835,-0.0759104183203125,-0.07998695065104167,0.9279457459970254
Wade,water,2018-11-05 16:30:00,fall,3,3,4,3.106681314,2.422026304,0.09498142368627452,23.455697271547905,9.4,47.333333333333336,0.12,55.523354999999995,16.77951388888889,2.4091560934570313,0.22153249272550923,0.848377986413251,0.0225,-4.236736111111112,-0.12044270001041667,-0.05736438766666667,0.033822783411458335,-0.08052624733333333,-0.086859255921875,0.9156357050345936,-0.10249608771614584,-0.054445218625,0.032215749273437504,-0.06592734104427084,-0.04453379483854167,0.961999227785195
Wade,water,2018-11-09 17:15:00,fall,3,3,4,2.282817198,1.923939738,0.10542135550684932,9.005615140634731,17,21.583333333333332,0.08,23.696098749999997,29.348958333333332,1.2771115176315104,0.3348342294633585,0.7167209522569942,0.0251,-3.9309201388888892,-0.16636473486979167,-0.058468789114583336,0.022828635432291668,-0.08232335383333333,-0.14282810916145833,0.871099480378268,-0.13496102617447917,-0.06260672627994791,0.025007574998697917,-0.08673076788802084,-0.11831119957942708,0.8936716367748743
Wade,water,2019-04-03 10:30:00,spring,4,5,2,2.50054601321007,1.4981853477343898,0.18727316846679873,12.370277292482529,0,0,0,12.464166249999998,102.28732638888889,0.7171385183234547,0.0021338506304558707,0.6775494827646298,0.3394,3.1788541666666665,-0.164171860828125,-0.08088538584895834,0.0195573,-0.08632286252604167,-0.09394789500520834,0.8547897729475675,-0.13804424575651042,-0.08266667518880208,0.017166782648648647,-0.07493098448198199,-0.08747782101692708,0.8791815057464829
Wade,water,2019-04-05 00:45:00,spring,4,5,2,2.29840347220132,1.4484042109170447,0.16553190981909083,4.756549474440659,0,0,0,2.8464849999999995,124.6171875,1.1884394285575148,0.0074779370512751235,0.6754394715822528,2e-4,-3.7139583333333333,-0.13099999249479166,-0.08740103084375,0.012869820796875,-0.09427080836458333,-0.10626564831770834,0.843836556422975,-0.13099738054036458,-0.08210284709895833,0.0177903822421875,-0.08407551873046876,-0.08688409746223959,0.8768125549686447
Wade,water,2019-04-06 12:30:00,spring,4,5,2,1.41077027797576,0.40840961250008,0.05445461500001067,6.044358280420615,0.8,2.9166666666666665,0.04,3.62290125,112.77951388888889,1.4984002031226749,0.007664629025076015,0.6503812161169387,0.0206,1.2381250000000001,-0.13930206251041666,-0.08199476338541667,0.016932262546875,-0.08482294247916666,-0.103364579171875,0.85790408529904,-0.1407239445846354,-0.08374216439192708,0.01571875625,-0.08943487251692708,-0.09901822312109375,0.8615388701595155
Wade,water,2019-04-07 12:15:00,spring,4,4,1,3.02399543779714,1.9163413113213301,0.054752608894895145,49.60574995003446,14.8,41.833333333333336,0.08,18.039975000000002,86.96006944444444,1.3748083745833573,0.005984401260867978,0.6696565661557763,0.28,0.5554861111111111,-0.14480739322916666,-0.076500001671875,0.016833280895833334,-0.08699479497395833,-0.09504169828125,0.8641654826204479,-0.13613543434895833,-0.08278254480208333,0.014945298977864584,-0.08965233604296875,-0.09946355144140626,0.8636546106958711
Wade,water,2019-04-11 06:15:00,spring,4,5,2,1.727749807265565,0.47024290029686,0.188097160118744,1.3137249902053978,0,0,0,12.785717499999999,43.55034722222222,2.4703257647450476,0.008971472841682268,0.6906072447665467,0.01,-4.0196875,-0.17618744252604165,-0.07701564666145833,0.020281211703125,-0.06189062580729167,-0.094979168328125,0.8718964757837694,-0.12609176114973958,-0.07317168589713542,0.020427674611979165,-0.07332948633072917,-0.07420371413541667,0.9043224782181604
Wade,water,2019-04-11 11:45:00,spring,4,5,3,1.83673222279889,0.8159507963820201,0.09066119959800223,7.319665076183058,5.6,0.4166666666666667,0.32,18.48998,44.44444444444444,2.48071678590985,0.010465008632089413,0.6761326188226263,0.4828,-4.096527777777778,-0.18280203085416666,-0.07894271252604167,0.019171870005208334,-0.06549482246354167,-0.09794792831770834,0.8630612694806826,-0.12812429928645833,-0.07333443548958334,0.020349565430989584,-0.07233730070442708,-0.07392767246744791,0.9040815510843683
Wade,water,2019-04-12 13:30:00,spring,4,5,3,4.25237091914666,3.09361843377075,0.11048637263466965,35.95157767483957,1.8,0.9166666666666666,0.2,10.94413,71.05902777777777,2.2233654390042004,0.011211776527292987,0.6801628455228783,0.3319,1.2049652777777777,-0.13273430919270834,-0.07100004831770833,0.02357815165625,-0.065755154234375,-0.07366140590104167,0.9011112076675909,-0.13625188700130209,-0.07309096423567708,0.021569624803385416,-0.06685291717578125,-0.07671802810677084,0.9051330993794388
Wade,water,2019-04-14 17:00:00,spring,4,4,1,4.00377802951008,1.0191951610532102,0.07279965436094359,44.022632391990925,16.2,45.416666666666664,0.24,22.54863625,125.87847222222223,2.476575731466996,0.017302630843315802,0.767550159919572,0.006,5.359236111111111,-0.06258848503645834,-0.06515622251041667,0.03102084747916667,-0.062171888333333335,-0.058411430859375,0.9451109500750089,-0.10369137522135416,-0.06823307438671875,0.027533862492187502,-0.06479428728255208,-0.06425780085026042,0.9338366709874127
Wade,water,2019-04-17 11:00:00,spring,4,5,3,2.79684281774697,1.05398672130368,0.10539867213036799,14.713881541173198,0,0,0,14.265674999999998,76.56684027777777,3.2170053932152567,0.017302630843315802,0.7467406039333975,0.6152,-0.3100694444444445,-0.11333328502083334,-0.06632290189583333,0.026536459505208332,-0.06149481439583333,-0.09051039565625,0.9129943010740595,-0.07480464523567708,-0.06330466319270833,0.03175393526171875,-0.06096614257421875,-0.061760398709635414,0.9577798549000034
Wade,water,2019-04-18 14:30:00,spring,4,4,1,5.41669423932204,2.86654672294166,0.0690734150106424,68.94885896340818,28,42.5,0.27999999999999997,41.93239125,71.58940972222223,2.9429939139289214,0.018796166633722945,0.7393684012781445,0.0748,3.647951388888889,-0.13096358666666666,-0.0724948324375,0.016932284177083333,-0.06823953586458334,-0.128276032484375,0.8754610351783606,-0.09522134793098959,-0.06540885447786458,0.027509127532552084,-0.06182679530859375,-0.08197915133984375,0.9366658910742172
Wade,water,2019-04-22 11:45:00,spring,4,5,3,3.3690191433021903,0.42177630507926533,0.06025375786846648,15.460578100847115,0,0,0,24.06426,81.99045138888889,3.5967998374447254,0.22481202123683067,0.8092783426534196,0.7454,5.416979166666666,-0.10754688747916667,-0.08196875997395833,0.0049479083229166665,-0.07375002745833334,-0.16922393999479166,0.8458615174980915,-0.08937237479427083,-0.06891665791666667,0.014660154171875,-0.07180469373307291,-0.11507029605859374,0.9063904560854091
Wade,water,2019-04-23 10:45:00,spring,4,4,1,3.53720117468468,0.74424437987303,0.040780513965645485,35.016717979308766,11.8,32.583333333333336,0.12,29.583334999999998,108.48177083333333,3.6207543343850563,0.27514910270981463,0.8068721379374026,0.4333,4.853090277777778,-0.10895320909375,-0.08613025494791667,0.0021718316979166667,-0.07732290921354167,-0.18738548159895832,0.8298227462405665,-0.0918450845390625,-0.07375652873046876,0.010493476884114583,-0.07418230623828125,-0.13274089040755208,0.8882323085144365
Wade,water,2019-04-26 09:45:00,spring,4,4,1,3.93904964432269,1.3199392016871703,0.05387506945661919,47.59913232572056,31.200000000000003,47.5,0.12,41.85900000000001,116.77951388888889,3.008754533213848,0.27875274319525584,0.7648869196699214,0.0804,-0.9578645833333344,-0.15445343038020834,-0.07129567361458333,0.020950956697916665,-0.060053491979166665,-0.152583569625,0.8692257615583383,-0.12426094747526041,-0.07767228279817709,0.0080226643515625,-0.0724929028046875,-0.15414370065625,0.8629041586457045
Wade,water,2019-05-01 15:45:00,spring,4,4,1,2.61911044263552,1.5007652247887,0.09235478306392,21.75933564850164,11.200000000000001,37.583333333333336,0.12,11.525802500000001,122.84895833333333,2.2898033187379845,0.20080420600780263,0.6627250937520409,0.0544,-0.6111805555555554,-0.18294272830208333,-0.07461457752083334,0.01662498584375,-0.0623071775625,-0.16990102002604165,0.8450447726461984,-0.15527084186197918,-0.07021354791015626,0.0198580585625,-0.06266790879036459,-0.14693357023958334,0.8792036064475032
Wade,water,2019-05-03 11:45:00,spring,4,5,2,3.15075644394254,0.6158892607870698,0.10711117578905563,28.730920814313187,14,20.416666666666668,0.12,23.4145,98.67795138888889,2.0490282490614375,0.2564561961130073,0.656902567074983,0.0628,0.9874652777777779,-0.166130222515625,-0.07076045085416667,0.015796889973958332,-0.05807285591145833,-0.144510465796875,0.8662046863941142,-0.1645338758203125,-0.07046355521484375,0.0176236854296875,-0.06068482463932292,-0.147149722921875,0.8750993056796693
Wade,water,2019-05-05 12:30:00,spring,4,5,3,2.67683099267038,0.16485375895570975,0.019394559877142323,12.709703750334072,0,0,0,21.04133625,69.28559027777777,2.535775565222847,0.3097803491668055,0.6991257907962971,0.5229,1.4315277777777773,-0.18079687496354166,-0.074343770796875,0.013218696729166667,-0.06870839325,-0.16232292665625,0.8419479179503317,-0.15527473062109376,-0.06812501791536459,0.016683574613281252,-0.06321610502734375,-0.12440364186197916,0.8870775853281117
Wade,water,2019-05-07 07:15:00,spring,4,5,2,2.85916466457893,0.3090166392856051,0.04944266228569681,15.930574980023124,7.800000000000001,4.666666666666667,0.08,20.07179125,123.37413194444444,2.696050769104298,0.42619480385977554,0.66213956945647,0.0149,7.821684027777778,-0.19609366672395834,-0.08513541917708334,0.004432315802083333,-0.05904701155729167,-0.18126556921354167,0.8170444361297022,-0.1719218547890625,-0.07498828271354166,0.011443998352864583,-0.06502999390625,-0.14856510458203126,0.858308256038536
Wade,water,2019-05-09 11:45:00,spring,4,4,3,3.64343924489577,2.728518555647832,0.10012912130817732,38.22488465367369,30.6,17.75,0.27999999999999997,37.630475000000004,167.20572916666666,2.384612526046624,0.3029427269555791,0.6614576630230375,0.5419,-1.7696875000000007,-0.20009377331770833,-0.07876049241666666,0.03949996085416667,-0.05450010159375,-0.16606251578645834,0.8567282091944798,-0.188200895296875,-0.07951378106901041,0.023401437880208334,-0.05779099105078125,-0.1622792439375,0.8552613695379664
Wade,water,2019-05-13 15:45:00,spring,4,5,2,2.9393921073933154,1.7697588140973752,0.11417798800628227,26.516109285946666,19,15.25,0.08,43.4351875,99.88194444444444,2.309758263909047,0.3722811310111227,0.6658384698263635,0.0798,3.0565277777777773,-0.19922393667708332,-0.08333329170833334,0.037015604171875,-0.06674473838541667,-0.17127082586979167,0.8396860367737888,-0.17109372313281251,-0.07659110897526042,0.0420924591484375,-0.061963503993489585,-0.1371210791966146,0.8849280075253367
Wade,water,2019-05-16 17:15:00,spring,4,5,2,1.83647507517158,0.4627731395510699,0.08814726467639426,7.205999249406643,2.2,2.3333333333333335,0.04,17.89853625,105.64409722222223,2.205029528825299,0.3935587738007179,0.6774819649451532,0.0441,0.23555555555555685,-0.19560816052083332,-0.07788050890625,0.03679433878125,-0.05927336428645833,-0.1684232491875,0.853499265678815,-0.17828876366796875,-0.07544539888802083,0.04025455678515625,-0.06285480524088542,-0.14509672394921874,0.87903200373403
Wade,water,2019-05-19 08:00:00,spring,4,5,2,1.33743757283536,0.388512030651854,0.0971280076629635,1.8591157552132385,2.6,2.1666666666666665,0.2,4.85625,89.64583333333333,1.704273131237516,0.43016225527405194,0.635964354346819,0.0394,1.2481944444444455,-0.18732288582291667,-0.07308852502604167,0.030229200802083335,-0.05831251000520833,-0.19149998169791668,0.8507022538383382,-0.19038771658203124,-0.07475137181770833,0.032942094890625,-0.05784568253125,-0.18031544813541667,0.8614164298551731
Wade,water,2019-05-19 17:00:00,spring,3,3,1,3.5026148824049903,2.6369329599249762,0.25726175218780256,34.28196286679442,27.8,45.166666666666664,0.8400000000000001,32.517225,84.73350694444444,1.5704555554286328,0.44981164285813335,0.6315677434010897,0.0864,2.5785416666666663,-0.184739540859375,-0.07397912672395833,0.02850527578125,-0.059197880057291666,-0.18188535256770832,0.8518159772851894,-0.189404637421875,-0.07439980578255208,0.03163610301822917,-0.0573808404453125,-0.18062533459765626,0.8615167944453485
Wade,water,2019-06-29 17:00:00,summer,1,1,6,0.552087206731289,0.435632313521793,0.056210621099586196,1.045704405182844,11.6,9.583333333333334,0.72,15.65015875,172.2734375,0.17602434297677402,0.7999793479926168,0.46571328500465364,0.0408,4.995598958333332,-0.428145795875,-0.11835933753645833,-0.005921779286458333,-0.22182802843229166,-0.5310051725572916,0.46574204282786813,-0.32554641797135414,-0.10790385744140625,0.0034550708203125,-0.12186995772526042,-0.39993995646875,0.624574944382561
Wade,water,2019-06-30 09:30:00,summer,1,1,6,1.26764207769791,0.899986599373623,0.08371968366266261,4.1413006562348365,12.6,12.916666666666666,0.64,26.460191250000005,171.19791666666666,0.18907027987069486,0.8420125117121975,0.5393332948169037,0.0161,2.4390277777777776,-0.2976926683854167,-0.10292202153125,0.009510497427083334,-0.09500014484895833,-0.326521020703125,0.6919816421509669,-0.33113975948958335,-0.10824791163020833,0.0036874590143229167,-0.1253728108684896,-0.40411828813541667,0.6182964746639908
Wade,water,2019-07-06 11:45:00,summer,1,1,6,2.62295137264033,2.5039736746368364,0.6677263132364897,3.7868595338835527,17.4,7.333333333333333,1,19.11,148.37413194444446,0.12886032304697712,0.8787097662159867,0.33461937674067666,0.0647,8.19134114583333,-0.4789271024895833,-0.13031754429166667,-0.016750039947916667,-0.28123953838541665,-0.572265646625,0.3727404538004663,-0.4304687676966146,-0.12246350690755209,-0.006625010822916667,-0.22221879351692708,-0.5272044437278646,0.44433488726488857
Wade,water,2019-07-11 20:00:00,summer,1,1,6,0.464516231246802,0.38405830619952464,0.06982878294536811,2.283772003600371,20,19.083333333333332,1.3199999999999998,26.08,161.31076388888889,0.1159549357021878,0.8530135280356179,0.32986194182555423,5e-4,4.42238715277778,-0.5137288158020833,-0.14165636779166665,-0.036297917265625,-0.32859576208333335,-0.6014620199375,0.29170359891440345,-0.44885928708072914,-0.12735810798958333,-0.016478124532552083,-0.26696013136848956,-0.5483251339492188,0.3851322153619723
Wade,water,2019-07-28 15:30:00,summer,1,1,6,0.865681922480014,0.7633546637689159,0.16963436972642576,1.2133109133342899,28.2,15.166666666666666,0.8800000000000001,32.379999999999995,140.95920138888889,0.06302755489681182,0.8979407495779321,0.11720791420202079,0.0233,4.610954861111111,-0.574265590875,-0.17210939080729165,-0.21851568411458333,-0.30237500667708334,-0.6017915051197916,0.11999333060647306,-0.5642525829869791,-0.15976565601041667,-0.19135159705208332,-0.3204205929166667,-0.6218997046080729,0.10877454668138509
Wade,water,2019-07-31 14:30:00,summer,1,1,6,1.41077027797576,1.3337904488265628,0.38108298537901797,1.5288624726105724,2.6,3.75,0.27999999999999997,41.09459375,114.44704861111111,0.142897769216138,0.9963270328413747,0.5372902184245975,0.0298,2.750598958333331,-0.3879791858125,-0.12185944577604167,0.012083258411458334,-0.09023433836458333,-0.4763125474791667,0.5929981303919125,-0.33213142902604165,-0.12712630499739583,-0.048296927231770835,-0.14278907312239583,-0.387992086953125,0.5484348976178799
Wade,water,2019-08-07 18:45:00,summer,1,1,6,1.20122652920184,1.1225254090872196,0.10690718181783045,1.3826578933224967,21.2,13.25,0.32,31.187136250000002,141.15364583333334,0.08481245908136681,0.8841168142735922,0.2006155598288092,0.0061,3.809778645833333,-0.47997922161458334,-0.136859372484375,-0.01464061084375,-0.26207290834375,-0.5705207675677083,0.3789207992853916,-0.4969713589453125,-0.1413632762330729,-0.048459692024739584,-0.2614830966328125,-0.5800562637239584,0.3181566720888262
Wade,water,2019-08-08 08:45:00,summer,1,1,6,2.69998312635873,2.158329225298186,0.6641013000917495,3.7472718242651877,12.6,2.25,0.24,36.483,141.59895833333334,0.13385283249137156,0.9489699188860192,0.5768331445975926,0.0235,2.9774652777777746,-0.340015697453125,-0.118494764171875,7.552524583333333e-4,-0.195853924390625,-0.3630566330260417,0.5729355609857913,-0.46351173227213543,-0.13714191124739583,-0.0458424758046875,-0.2540507219153646,-0.5314426373333333,0.36020473047805873
Wade,water,2019-08-08 20:45:00,summer,1,1,6,2.51197723371467,2.0291919196410753,0.6243667445049462,3.6119729270725967,9.6,2.1666666666666665,1,45.047349999999994,121.26041666666667,0.30588003381403694,0.9693952521539027,0.6568037385933293,5e-4,2.0387847222222213,-0.157989624109375,-0.09639061334375,0.018682344963541667,-0.0808489316875,-0.137405680453125,0.8260924327766505,-0.42207682832291665,-0.1323189895859375,-0.04306383121875,-0.24174211838541668,-0.47752859294921873,0.41140029232545383
Wade,water,2019-08-10 05:15:00,summer,1,1,4,1.1798128563915,0.922981894674844,0.06836902923517363,4.100679275688927,12.4,32.583333333333336,0.48,55.4006575,110.74479166666667,0.5025161204760747,0.9337284220588247,0.6584210082244858,0.0014,-1.0002951388888892,-0.16316144168229166,-0.10027083999479167,0.021671897489583335,-0.07934891670833333,-0.19305738574479167,0.8042426965759706,-0.29838802061588543,-0.11604036416145834,-0.013454440817708333,-0.15958326568098957,-0.33071872813802083,0.609174834517046
Wade,water,2019-08-12 19:30:00,summer,1,1,6,0.473569353365291,0.332514104365785,0.051156016056274616,1.7790751399859717,8.4,6.916666666666667,0.44000000000000006,27.67424125,121.32638888888889,0.49540496196994993,0.860160004719309,0.5859558379133387,5e-4,2.8106944444444437,-0.283046830046875,-0.10960415086458333,0.013416718291666666,-0.08124995502083333,-0.371692694203125,0.6855884298628875,-0.1774439862734375,-0.09868229000781249,0.0215521210078125,-0.07929684690755208,-0.2156744487799479,0.7989689542702657
Wade,water,2019-08-17 03:15:00,summer,1,1,6,0.541653901060544,0.430096944114476,0.107524236028619,0.9753469788541309,9.4,14.833333333333334,0.8,13.323500000000001,109.03645833333333,0.16809207244514018,0.8720317758028782,0.3731572898861745,5e-4,2.575729166666667,-0.3993228883229167,-0.10729684336979167,0.0011927175104166667,-0.07954690330729167,-0.46383373051041665,0.6108442836536736,-0.3360487078424479,-0.10865573455078124,0.007219334975260417,-0.07781207439583333,-0.4293259198789062,0.6430931442568275
Wade,water,2019-08-28 14:45:00,summer,1,1,6,0.473569353365291,0.4160201450758466,0.031397746798177105,1.4086288272980025,19.6,9.916666666666666,0.27999999999999997,19.6,100.52864583333333,0.07668787159041918,0.8079494025668215,0.15229706541881657,0.0884,2.878967013888891,-0.5855259891927084,-0.152051984234375,-0.18235928589583333,-0.32410411171875,-0.62970301509375,0.1435849070974657,-0.5563815368502604,-0.13704817853515625,-0.09700130937890625,-0.32116406604427084,-0.6080937670807292,0.21478925725783274
Wade,water,2019-09-01 22:30:00,fall,1,1,6,1.24513559153163,1.1746988235466644,0.052208836602073976,5.568634305585921,30,31,0.12,34.081105,82.93489583333333,0.132304986070581,0.8281198265033534,0.3147357839317326,5e-4,-0.9194791666666653,-0.5336822983229167,-0.126843744171875,-0.09669791082291666,-0.319525997546875,-0.5960520541875,0.2682030160209727,-0.4115169068841146,-0.11480857313671874,-0.02863412124609375,-0.20999088375260416,-0.4807005064570313,0.470207042076912
Wade,water,2019-09-04 09:15:00,fall,3,1,6,1.93472332431987,1.745703956913312,0.36751662250806566,3.3675618874533115,11.2,11.833333333333334,0.24,37.68837499999999,71.98871527777777,0.30384726703293546,0.8110038621487108,0.5945384521322536,0.02,1.1954513888888894,-0.22584367255208332,-0.094468665078125,0.011838498375,-0.07328635843229167,-0.287057263390625,0.7561679034190978,-0.34746480523046874,-0.102782522109375,-0.025164093305989583,-0.17688927296614584,-0.36770832896484373,0.5749360764036117
Wade,water,2019-09-07 16:30:00,fall,3,1,6,2.14595345767519,2.0343965007291223,0.31298407703524955,8.465801521530905,20.2,12.75,0.36,29.339617499999996,83.95572916666667,0.33013204971393356,0.7725169345027002,0.4951859782338577,0.0104,-0.46009548611111306,-0.45094788919270834,-0.10918751579166666,8.280866822916666e-4,-0.07329164751041667,-0.500598948328125,0.5826104801035155,-0.29977858275911456,-0.09787887876953125,0.00954686230078125,-0.07042445875911459,-0.3572761276236979,0.7027527135908119
Wade,water,2019-09-11 04:00:00,fall,3,1,6,0.521331851190395,0.35791382465937904,0.027012364125236155,3.832081738158597,9.8,15,0.16,26.45879625,64.52170138888889,0.5754534494190479,0.7080236889057419,0.5915104677345395,5e-4,2.393203125000001,-0.34330208585416666,-0.09299481747916667,0.016671881645833334,-0.0621040584375,-0.45369269005208335,0.6738761202695847,-0.27816146832552086,-0.08825388854947917,0.023026050196614585,-0.06324216272786458,-0.31515355799869793,0.7530226307272391
Wade,water,2019-09-23 18:45:00,fall,1,1,6,0.333110122076018,0.245256232060528,0.028853674360062115,1.4213802157089441,12.8,31.333333333333332,0.24,13.180000000000001,56.68663194444444,0.09284860746608778,0.7096090032219454,0.14323764784818588,9e-4,8.609309895833334,-0.5651310919427084,-0.153260997765625,-0.18330442219791668,-0.32688210559375,-0.6317227681458334,0.14585038146078855,-0.5420075839427083,-0.13970177779166668,-0.12107284352734375,-0.32159613597265624,-0.6139590463697917,0.1967781295505813
Wade,water,2019-09-26 11:15:00,fall,3,1,4,0.64249047030176,0.507284002412556,0.061488969989400726,2.1768611861144995,9.6,12.333333333333334,0.12,21.874,36.450520833333336,0.15419561323414632,0.7479208931843802,0.5187655093060195,0.0176,0.10498263888888992,-0.2531302518177083,-0.10688542547916667,0.0256089273125,-0.083853428015625,-0.4125700849479167,0.6927307335966844,-0.3519942415143229,-0.12099427057421874,-0.0518297197109375,-0.16735007446354166,-0.4534978294127604,0.5066620732435698
Wade,water,2019-09-28 17:15:00,fall,3,1,4,1.51433381624241,1.360873241686106,0.1512081379651229,4.453969592848489,12.600000000000001,14.916666666666666,0.2,23.001787500000002,36.229166666666664,0.2335689979209456,0.7117248364120129,0.5374833626609816,9e-4,-0.3935069444444448,-0.26966243470833334,-0.109415903515625,0.027159929088541666,-0.08970654331770833,-0.42099105321875,0.6783647969014143,-0.22595821605989583,-0.10469624623697917,0.027494890608072916,-0.08581039101302083,-0.34019431586588544,0.7295054614080192
Wade,water,2019-10-01 16:15:00,fall,2,2,5,9.53391090783441,9.255532356256207,1.5425887260427011,32.25014630148669,79.2,10.166666666666666,1,94.4929575,40.73090277777778,0.40588682971438356,0.6321579610870367,0.5678007310452624,9e-4,-0.07464409722222065,-0.20993122323958333,-0.1048089905,0.019551098666666666,-0.09394509163020834,-0.31284321646875,0.7319401745442917,-0.2047198205065104,-0.10303412175911458,0.0277727333828125,-0.09038195494270833,-0.3043816819296875,0.7490464466043651
Wade,water,2019-10-04 00:15:00,fall,3,3,4,1.41077027797576,0.4443328635843461,0.059244381811246145,3.8399776381820883,3,6.166666666666667,0.04,75.14585,41.177083333333336,1.7983808870802926,0.5700768378109855,0.6753085912375016,4e-4,-5.4484375,-0.12080411296875,-0.09907484913541667,0.041618958223958336,-0.08404389269791666,-0.16017337515625,0.8421641827162921,-0.14393723036458334,-0.09822516365755209,0.0352121898984375,-0.08888612625130209,-0.2067890959908854,0.8183988665002765
Wade,water,2019-10-07 02:00:00,fall,3,3,4,3.17862395192458,2.883001310213329,0.23534704573170032,19.76387153967417,25.6,14.666666666666666,0.4,28.310682500000006,44.66753472222222,0.9102639360578719,0.4476486144390789,0.637306317333977,5e-4,0.8174479166666675,-0.12986554039583334,-0.1049994283125,0.03264004481770833,-0.08856661013541667,-0.20431216502083333,0.8076845798099006,-0.12406801663671875,-0.09965667891666667,0.03825740561067708,-0.08472450293229167,-0.179020932390625,0.8386785478786197
Wade,water,2019-10-16 21:45:00,fall,3,3,4,3.32673714643974,3.099352427874579,0.08609312299651609,41.010729044216006,44.4,49.416666666666664,0.27999999999999997,47.3241,64.109375,0.25332914935725037,0.5290897892070259,0.5950693579951314,4e-4,-2.2718315972222207,-0.12982123147916666,-0.08779887111458333,0.028360154177083333,-0.089419163859375,-0.3132686651197917,0.7898137196436318,-0.12817849879036458,-0.09281615123958334,0.027677911838541666,-0.08704421933854167,-0.3355889171119792,0.7826402571843553
Wade,water,2019-10-22 22:00:00,fall,4,5,2,2.66526861566679,2.2676245117174143,0.20156662326377017,11.251593334897374,11.600000000000001,7.916666666666667,0.08,11.762901250000002,55.81597222222222,1.3008998508678684,0.42379365431150856,0.6304266821408012,4e-4,2.6275347222222223,-0.13652037919791665,-0.089964217296875,0.03353384389583333,-0.09682639121875,-0.23884507436979166,0.808109343981933,-0.11856775760416667,-0.08263116301822916,0.03971712044921875,-0.0905533809765625,-0.20659781548697917,0.8507165392673457
Wade,water,2019-10-27 07:15:00,fall,3,3,4,3.31869609986766,2.897094126090841,0.4138705894415487,28.12120437026733,26.8,28.166666666666668,0.2,26.8,42.99565972222222,0.9815644712389566,0.4766628168530929,0.6282766666271159,0.0019,-4.578836805555555,-0.12640644784895833,-0.08710031757291667,0.039304336791666665,-0.08813328258854167,-0.24040557600520834,0.8245180344328017,-0.11667745320833334,-0.08937801797526042,0.036963574065104164,-0.09261755821484376,-0.21768727240104166,0.8351903323591495
Wade,water,2019-10-31 02:45:00,fall,4,5,2,1.59656934399302,0.877502390458872,0.18473734535976252,3.3109292400455796,4.4,3.6666666666666665,0.08,26.74502125,34.73871527777778,1.8247067516902435,0.4772917022001862,0.638812262616504,4e-4,3.654331597222221,-0.13682837219791666,-0.09122474536979167,0.0334242444375,-0.09806308436979166,-0.22993287347916666,0.8084587629156258,-0.11808911041927084,-0.0832157406640625,0.04069818922265625,-0.09097132540625,-0.1865615302578125,0.8574830238998065
Wade,water,2019-10-31 16:15:00,fall,2,2,5,9.16285235837223,7.87232829749331,0.8510625186479255,35.33120098329828,79.2,14.833333333333334,1.28,87.17142625,35.474826388888886,1.8091047165526493,0.5511915413023472,0.6284336666892408,9e-4,3.020416666666666,-0.130119638296875,-0.08980868699479166,0.03223992776041667,-0.09976802125520834,-0.20304062552604166,0.8194145233563245,-0.12099345099869792,-0.08572082657942709,0.038612603287760415,-0.09347518616536458,-0.18778034898307291,0.8493830932377552
