site,SOM,event_start,season,clust_wat_4cl,clust_wat_5cl,clust_wat_6cl,NO3_kg_km2,SRP_kg_km2,event_NO3_SRP,turb_kg_km2,turb_event_max,rain_event_total_mm,rain_int_mmPERmin_max,API_4d,q_event_max,solarRad_4d,q_4d,SoilTemp_pre_wet_15cm,VWC_pre_wet_30cm,time_sinceLastEvent,diff_airT_soilT,gw_1d_well1,gw_1d_well2,gw_1d_well3,gw_1d_well4a,gw_1d_well5,gw_1d_allWells,gw_4d_well1,gw_4d_well2,gw_4d_well3,gw_4d_well4a,gw_4d_well5,gw_4d_allWells
Wade,turb_kg_km2,2017-08-18 05:00:00,summer,1,1,5,0.0861494807634304,5.983505318128941e-4,318.38247041798155,0.07226336627369102,0.7106666666666668,6.8,0.12,13.487525,0.0865561892,115.95175438596492,0.059137092575520835,0.8395165980638045,0.42254789710709106,1.11875,1.2151562499999997,NA,NA,NA,NA,NA,NA,NA,NA,NA,NA,NA,NA
Wade,turb_kg_km2,2017-08-19 15:00:00,summer,1,1,5,0.12491372373121369,0.0010656841184252877,259.19930144507384,0.14502595085392814,2.332,5.6000000000000005,0.4,15.70363,0.1009285506,111.62362637362638,0.061010809189583334,0.8930553286834275,0.4548813067704757,0.014583333333333334,3.2239930555555567,NA,NA,NA,NA,NA,NA,NA,NA,NA,NA,NA,NA
Wade,turb_kg_km2,2017-08-22 15:30:00,summer,1,1,5,0.14299611450198935,0.0011730805463831468,269.55573085786693,0.20218567328518564,1.8339999999999999,13.4,0.32,19.25724875,0.147527388,96.01822916666667,0.06148018531614583,0.9334121014918451,0.45277459735898046,1.2125,4.742673611111112,NA,NA,NA,NA,NA,NA,NA,NA,NA,NA,NA,NA
Wade,turb_kg_km2,2017-09-03 11:00:00,fall,1,1,5,0.2247637055399821,0.002183986049430815,227.57706328785963,0.893196052541497,3.1133333333333333,24.6,0.12,25.937505,0.309166491,84,0.02049872549479167,0.6970694212766608,0.16887246474164563,10.020833333333334,-0.5234201388888895,NA,NA,NA,NA,NA,NA,NA,NA,NA,NA,NA,NA
Wade,turb_kg_km2,2017-09-05 10:45:00,fall,1,2,5,0.6131285052024927,0.01838817411896044,73.73353664919402,20.164354964994253,11.450666666666667,20.6,0.2,42.840925,2.613908843,74.52690972222223,0.06862770284375,0.7657482669991589,0.5090422661940197,0.2604166666666667,5.011215277777779,NA,NA,NA,NA,NA,NA,NA,NA,NA,NA,NA,NA
Wade,turb_kg_km2,2017-09-07 01:00:00,fall,2,2,3,NA,NA,NA,NA,NA,19.8,0.16,60.1841675,2.664002623,40.75086805555556,0.31847798468489585,0.7557434921089821,0.6253334247206146,0.59375,-0.5100868055555559,NA,NA,NA,NA,NA,NA,NA,NA,NA,NA,NA,NA
Wade,turb_kg_km2,2017-09-08 17:30:00,fall,1,2,5,0.0620823878200405,0.0018185264162420367,75.49200565148608,0.34534540650758083,1.314,4,0.36,41.887995,0.467345482,40.78038194444444,0.8167515133203125,0.7294657412004091,0.6268172140924896,0.08333333333333333,-1.1271874999999998,NA,NA,NA,NA,NA,NA,NA,NA,NA,NA,NA,NA
Wade,turb_kg_km2,2017-10-08 11:15:00,fall,3,1,1,0.005777890325032279,5.614388848401114e-4,22.757207582259323,0.11123452127849102,3.036,12,1.1199999999999999,17.21284,0.086029239,50.25347222222222,0.024522231606770833,0.7409648863512608,0.08186976492839747,29.416666666666668,6.470855034722222,NA,NA,NA,NA,NA,NA,NA,NA,NA,NA,NA,NA
Wade,turb_kg_km2,2017-10-09 10:15:00,fall,1,2,5,0.11824413937683707,0.024590346890228248,10.63327717747712,13.35290230754921,14.54,29.400000000000002,0.16,40.61,2.444759914,44.763888888888886,0.030950857705729168,0.8154705415623006,0.18591648826720408,0.13541666666666666,2.0000694444444456,NA,NA,NA,NA,NA,NA,NA,NA,NA,NA,NA,NA
Wade,turb_kg_km2,2017-10-24 16:15:00,fall,1,1,1,0.011225539604579088,0.03754798184926352,0.661108578460348,28.861866621475368,56.98733333333333,24,0.6799999999999999,24.19,2.737527173,55.34288194444444,0.033163844622395834,0.6001939864209505,0.36181970841920463,14.145833333333334,6.486662326388888,NA,NA,NA,NA,NA,NA,NA,NA,NA,NA,NA,NA
Wade,turb_kg_km2,2017-10-26 04:00:00,fall,2,2,3,1.287316136196607,0.1276769886547014,22.29588663035413,93.8007981255238,30.187333333333335,35.4,0.12,59.710499999999996,3.448173297,45.71180555555556,0.220731199453125,0.7057225994180407,0.9846729257308601,0.3333333333333333,-1.199583333333333,NA,NA,NA,NA,NA,NA,NA,NA,NA,NA,NA,NA
Wade,turb_kg_km2,2017-10-29 10:00:00,fall,2,2,3,0.7938027767485213,0.07367968358057636,23.824128727493658,25.302521316730743,7.707333333333333,23.200000000000003,0.2,55.24010375,3.031342897,40.11024305555556,1.0894369709427083,0.554746019954192,0.7014839318424092,1.1875,3.842692652329749,NA,NA,NA,NA,NA,NA,NA,NA,NA,NA,NA,NA
Wade,turb_kg_km2,2017-11-01 19:15:00,fall,2,2,6,0.7106988872651469,0.04396885159506725,35.74313802815958,12.951197828613017,2.461333333333333,21,0.08,40.753919999999994,2.846549889,26.390625,0.94929287965625,0.503522937013307,0.727651128685195,1.28125,-5.013090277777778,NA,NA,NA,NA,NA,NA,NA,NA,NA,NA,NA,NA
Wade,turb_kg_km2,2017-11-03 07:00:00,fall,2,2,3,1.4534729111206812,0.06730430591600563,47.75471500141892,93.54839842810283,62.535333333333334,20.6,0.24,46.994253750000006,3.693582806,25.9765625,1.3371133195286458,0.5648959635133985,0.7752295395892301,0.010416666666666666,4.564583333333333,NA,NA,NA,NA,NA,NA,NA,NA,NA,NA,NA,NA
Wade,turb_kg_km2,2017-11-05 18:30:00,fall,2,2,6,1.3584159323036218,0.07482682761917094,40.144642876808454,19.983034392272444,3.3633333333333333,20.400000000000002,0.2,55.16655625,3.055094561,27.31423611111111,1.543542895578125,0.4615581161435838,0.7709470437595523,0.7083333333333334,-3.0458333333333343,NA,NA,NA,NA,NA,NA,NA,NA,NA,NA,NA,NA
Wade,turb_kg_km2,2017-11-16 06:00:00,fall,2,3,6,0.1558786511118401,3.1004223738282635e-4,1111.7776574221195,0.5144356837657366,1.2506666666666666,6,0.12,9.346517500000001,0.214675539,33.65711805555556,0.068851248796875,0.22275464007343215,0.5084488599754742,8.260416666666666,-3.711571180555555,NA,NA,NA,NA,NA,NA,NA,NA,NA,NA,NA,NA
Wade,turb_kg_km2,2017-11-19 00:00:00,fall,2,3,6,NA,NA,NA,14.387370509649125,5.935333333333333,16.8,0.16,22.2872,2.722017703,25.891493055555557,0.093405142078125,0.218056225399443,0.5211273460395317,0.9583333333333334,-7.763524305555555,NA,NA,NA,NA,NA,NA,NA,NA,NA,NA,NA,NA
Wade,turb_kg_km2,2017-11-21 13:45:00,fall,2,3,6,NA,NA,NA,0.7797116027803832,0.6186666666666667,1.8,0.04,24.3739,0.309166491,17.73611111111111,0.4750030094322917,0.2006316411780263,0.707771288425166,1.03125,-7.487708333333334,NA,NA,NA,NA,NA,NA,NA,NA,NA,NA,NA,NA
Wade,turb_kg_km2,2017-11-25 13:00:00,fall,2,3,6,0.4806426290131809,0.0010000568745938052,1062.795610978109,1.8335052416067665,1.89,4.2,0.08,6.965283750000001,0.671882001,24.588541666666668,0.17163631751041666,0.13637776808035135,0.7403059347730847,2.21875,-1.5819184027777775,NA,NA,NA,NA,NA,NA,NA,NA,NA,NA,NA,NA
Wade,turb_kg_km2,2017-11-27 23:30:00,fall,2,3,6,0.20239309402972694,1.8274067599667064e-4,2449.134453549505,0.3814826321457485,0.4826666666666667,0,0,5.04813375,0.534843687,13.252604166666666,0.21457579354427084,0.14600384034383676,0.7671788791789718,0.3958333333333333,-9.473263888888889,NA,NA,NA,NA,NA,NA,NA,NA,NA,NA,NA,NA
Wade,turb_kg_km2,2017-11-28 22:45:00,fall,2,3,6,0.6818563129750962,0.001725145240419788,874.0159673889531,4.02438278304503,3.2873333333333337,8.200000000000001,0.08,16.3253025,1.256115335,10.330729166666666,0.24921636928385416,0.13991298602781393,0.7583633984146613,0.21875,-8.536875,NA,NA,NA,NA,NA,NA,NA,NA,NA,NA,NA,NA
Wade,turb_kg_km2,2017-11-30 21:00:00,fall,2,3,6,0.4558097719033572,6.616032881721907e-4,1523.4848574957473,1.345513035556491,1.8666666666666667,5.6000000000000005,0.12,16.95345,0.62296082,17.141493055555557,0.351683743046875,0.106705065175674,0.765104333952974,0.3541666666666667,-5.705590277777778,NA,NA,NA,NA,NA,NA,NA,NA,NA,NA,NA,NA
Wade,turb_kg_km2,2017-12-05 13:00:00,winter,2,3,6,1.6834575874113271,0.0036931717533974567,1007.9867873967504,12.789121981270096,6.5953333333333335,9.200000000000001,0.12,9.200000000000001,2.660143121,26.608506944444443,0.17221371130729166,0.11880711702304372,0.738529246763729,3.4270833333333335,-0.0173958333333335,NA,NA,NA,NA,NA,NA,NA,NA,NA,NA,NA,NA
Wade,turb_kg_km2,2018-04-12 12:45:00,spring,2,3,4,1.0264145368317923,0.008531343820260051,266.0464785202951,24.452610684873484,40.752,20.6,0.27999999999999997,20.6,1.475215574,118.24565972222223,0.007505199742187501,0.0081575533034069,0.7880794112578835,5.802083333333333,1.0373133680555557,-0.160291401859375,-0.07745889205729166,0.009708290869791667,-0.09237496919791667,-0.5139067162604166,0.7110548457104442,-0.44394523089453125,-0.07230351052083334,-0.068261703765625,-0.08542578062369792,-0.3548646963541667,0.6164330385806409
Wade,turb_kg_km2,2018-04-13 15:30:00,spring,2,3,4,2.260986740768238,0.016646653487084856,300.34696059999897,24.61086026335908,8.716666666666667,11.8,0.08,31.104,2.675587258,95.93142361111111,0.17450822053645834,0.005120922211270158,0.8431686607152834,0.010416666666666666,3.354409722222222,-0.065339703640625,-0.055748185802083336,0.020270815838541668,-0.060980273729166666,-0.2671062081822917,0.8803725130059602,-0.3063921480494792,-0.06827187733072916,-0.03219140105078125,-0.08054714551953125,-0.3446100610611979,0.7064052165132069
Wade,turb_kg_km2,2018-04-16 13:45:00,spring,2,3,6,0.2812024142416483,0.001837769485886511,338.3609020216583,0.8948057104175569,2.0886666666666667,17,0.12,46.257149999999996,0.185770786,56.868923611111114,0.5036668142213542,0.009878186404471384,0.809184148581289,1.3958333333333333,-1.8951909722222222,-0.13459378330208333,-0.05907817078125,0.012437550786458333,-0.061906306625,-0.26276036672395836,0.8477719389593804,-0.09030991000260417,-0.057539186979166664,0.015002626434895833,-0.053703144811197916,-0.26197009392578124,0.883163344288595
Wade,turb_kg_km2,2018-04-22 10:45:00,spring,2,3,4,0.06745677047512737,5.586017078844615e-4,267.0394663657781,0.3188124546314371,1.7993333333333335,0,0,10.506809999999998,0.129874686,74.72482638888889,0.019777415231770835,0.012793111391102127,0.8014258390252829,4.239583333333333,0.9433246527777777,-0.102786399234375,-0.060104090078125,0.02729170496875,-0.05035946742708333,-0.08775520583854167,0.9332277447557104,-0.11229556463020833,-0.058917937390625,0.0197291903359375,-0.059428391817708336,-0.1927134855078125,0.896543283775657
Wade,turb_kg_km2,2018-04-23 10:45:00,spring,2,3,4,0.24945882511589662,0.002110379136680872,261.3909536375848,1.1812112407674618,2.3226666666666667,0,0,8.74342,0.514692921,111.84114583333333,0.02560431965625,0.016555862948112232,0.8041587562069809,0.010416666666666666,2.659548611111111,-0.09989060086979167,-0.06335933917708333,0.025390694901041667,-0.051911349234375,-0.08503121003125,0.9286384445145925,-0.10970833004817708,-0.060494761967447915,0.02290759801171875,-0.05732811057421875,-0.14955464403385416,0.9141576228890932
Wade,turb_kg_km2,2018-04-24 10:15:00,spring,2,4,4,2.2828194679004308,0.012338220005147012,409.1393237108826,20.51472748175594,6.717333333333333,0,0,6.164526249999999,2.667863146,150.58506944444446,0.06857718977864584,0.02103647031933367,0.8192250280172599,0.010416666666666666,7.3770138888888885,-0.12109369753125,-0.095073310515625,0.012317730005208333,-0.078333280890625,-0.10233332252604167,0.8490221293732858,-0.11466590029817708,-0.0702268236171875,0.022730317354166668,-0.06024570184375,-0.1139605417421875,0.9095672602954531
Wade,turb_kg_km2,2018-04-25 10:00:00,spring,2,4,4,NA,NA,NA,191.62645092350027,41.49066666666667,24.6,0.12,30.30154375,3.318759674,190.27604166666666,0.42381288778125,0.01718591968892156,0.875093504312648,0.010416666666666666,8.282534722222223,-0.11131770503125,-0.093203180765625,0.010364612463541667,-0.08237495003125,-0.08927090075520833,0.8549455213859061,-0.10881116316796875,-0.07775659284244792,0.01893753975,-0.06563799355989583,-0.09148177124609375,0.903023717222603
Wade,turb_kg_km2,2018-04-27 13:00:00,spring,2,4,4,NA,NA,NA,5.1777288035622755,1.1433333333333333,1.6,0.04,23.934499999999996,2.521882533,108.55902777777777,1.800976649528646,0.11090574926926887,0.849966579881907,0.010416666666666666,3.516458333333333,-0.08653387596875,-0.069153661265625,0.016354185119791666,-0.026361972765625,-0.05098179536458333,0.9475907432308139,-0.09838483273046875,-0.080042656578125,0.0148350252734375,-0.055367028796875,-0.06973093769921875,0.9156347808702459
Wade,turb_kg_km2,2018-04-28 11:30:00,spring,2,4,4,NA,NA,NA,28.947576102874454,4.066,22.6,0.12,45.55164375,2.901360286,86.78819444444444,2.0793800733255208,0.15452191968542067,0.8288921410242697,0.21875,4.1253125000000015,-0.13360191166145835,-0.07671726888020833,0.00497842803125,-0.045252233859375,-0.09254321602604167,0.8877059887082867,-0.10187893602083334,-0.075416680859375,0.013108064364583333,-0.047614586009114584,-0.06854694717057291,0.9250438146155953
Wade,turb_kg_km2,2018-04-30 08:45:00,spring,2,4,6,NA,NA,NA,3.681116300714551,1.9506666666666668,12,0.16,42.55330625,1.640356564,62.14496527777778,1.97742068840625,0.15607381105302498,0.8686348140235276,0.020833333333333332,-1.6019791666666663,-0.06491145667187499,-0.06602083333333333,0.016723976661458334,-0.030875025765625,-0.024562542479166668,0.9648911411653709,-0.10082031667317709,-0.07182162982552083,0.011444031622395833,-0.0367291764140625,-0.06085941138020833,0.9392821081025856
Wade,turb_kg_km2,2018-05-01 12:30:00,spring,2,4,4,NA,NA,NA,2.5186508204348264,1.0366666666666666,0.2,0.04,34.0416125,1.449235279,70.4921875,1.4300395933515624,0.1966445543111654,0.8374204800442656,0.4270833333333333,1.819583333333333,-0.10642296530729167,-0.07529381480729166,0.008052050020833333,-0.038055315125,-0.06915839397916666,0.9134331479086464,-0.10598018250390626,-0.07367856839713542,0.0091209165234375,-0.0403516427109375,-0.06548661584375,0.9290606795243997
Wade,turb_kg_km2,2018-05-02 09:30:00,spring,2,4,4,NA,NA,NA,55.144498364123535,11.068666666666667,7,0.24,36.743692499999995,2.987892773,90.45833333333333,1.2934621119296874,0.2685038704104192,0.8381532485352204,0.010416666666666666,4.7759027777777785,-0.13615102602083334,-0.08724482036458334,0.010250004166666667,-0.058651112166666665,-0.10619270701041666,0.8640001364050233,-0.10666667895442708,-0.0761862364453125,0.010328132493489583,-0.0439115118359375,-0.06886591790364584,0.9226955618254283
Wade,turb_kg_km2,2018-05-03 10:00:00,spring,2,4,4,NA,NA,NA,88.85994234546305,44.37533333333334,12.600000000000001,0.12,43.770616249999996,3.214367892,101.40972222222223,1.4831298148984375,0.38506440367585204,0.8649438162007779,0.010416666666666666,9.1459375,-0.12943224753645832,-0.09313013755729167,0.0040886274375,-0.06803124335416667,-0.09984890420833334,0.8503824658365315,-0.10665104188151042,-0.07970573688411459,0.010299497279947917,-0.0485130614375,-0.07295314124869792,0.9133768710610288
Wade,turb_kg_km2,2018-05-04 15:15:00,spring,2,4,4,NA,NA,NA,45.07200859245586,28.685333333333332,8.4,0.44000000000000006,28.74607875,3.039256073,104.94618055555556,1.5811537102265625,0.4258858924230205,0.8736751579688035,0.010416666666666666,4.746319444444444,-0.09677082748958334,-0.08836978499479167,0.009921889161458333,-0.05184367840625,-0.05901562415625,0.895842032138669,-0.11740493605208334,-0.08644140959114584,0.008071630194010417,-0.05462502334244792,-0.08262110791015626,0.8911801402606936
Wade,turb_kg_km2,2018-05-20 07:15:00,spring,1,1,5,0.017787981651578744,2.550536693007592e-4,154.22233075950007,0.060950649664473056,1.8599999999999999,8.8,0.12,11.84,0.067371502,166.8515625,0.007301319999069941,0.5168695289540082,0.6301094124246627,14.739583333333334,2.7837152777777767,-0.17786984744270834,-0.09392712664583333,0.015489568354166667,-0.07389063746354167,-0.24337020884895832,0.789823431216992,-0.18213020708463543,-0.09834894626432292,0.014738300186197916,-0.07463931000651042,-0.2341330283828125,0.7895673930118813
Wade,turb_kg_km2,2018-06-14 07:30:00,summer,3,1,1,NA,NA,NA,NA,3.479333333333333,29,0.4,29,0.082316726,181.484375,0.0012273467070312509,0.6248276417758067,0.3296115818596296,24.194444444444443,7.486076388888886,-0.3508333209010417,-0.1081719191875,-0.01008343084375,-0.22310939169270833,-0.3621354109166667,0.5567532694136846,-0.4175755135559896,-0.1103151135703125,0.0020533377252604165,-0.26419261611067707,-0.4832226421236979,0.457387772229076
Wade,turb_kg_km2,2018-06-18 12:45:00,summer,1,1,5,0.014718132590942488,4.848378972603463e-4,67.12871245067562,0.07141249837203592,6.366,24,0.27999999999999997,38.56955624999999,0.038884475,151.70225694444446,0.010786126713107639,0.7036322547509194,0.5499697021167494,2.9756944444444446,9.0203125,-0.3728697933333333,-0.10633331417708333,-0.023119774177083333,-0.22980645819270834,-0.4535103791927083,0.5077092210726235,-0.23715562026822917,-0.09480998116796875,-0.008096936391927084,-0.12595476618489584,-0.2717341158476563,0.7080810875884362
Wade,turb_kg_km2,2018-07-25 22:15:00,summer,3,1,1,0.021802321261459316,2.932164423685388e-4,164.42451898885108,0.14739800372448503,10.985999999999999,38.800000000000004,0.44000000000000006,45.90854125,0.037104686,89.95659722222223,3.9870391536458424e-4,0.9450527590179991,0,35.99652777777778,5.525477430555554,-0.6190875241979167,-0.21484912819270832,-0.23779156921875,-0.30759327288541666,-0.6123162686458333,0.030291306415559285,-0.6022820495664063,-0.20539700655989584,-0.23252596068359374,-0.3139778416966146,-0.6152379448697917,0.010944658632756874
Wade,turb_kg_km2,2018-07-27 20:45:00,summer,1,1,5,0.014030790898763225,2.410539720408228e-4,128.712292507794,0.10642706912117963,7.9559999999999995,10,0.24,45.198924999999996,0.064410944,103.40798611111111,0.003809435726562501,0.997997914689484,0.6465820048635502,0.7951388888888888,1.8175694444444446,-0.22960910688020833,-0.13182799675520834,-0.021604175807291667,-0.12795289933333334,-0.262369790828125,0.6560166937382654,-0.396250711109375,-0.156628920609375,-0.12188401049479167,-0.2180205918671875,-0.40114006442057293,0.374521847294617
Wade,turb_kg_km2,2018-08-17 23:45:00,summer,3,1,1,0.2560245808704009,0.010348832571168875,54.70694566770411,51.46672630193382,108.71266666666666,31.6,0.5599999999999999,42.282275,2.772501457,88.73958333333333,7.876157786458343e-4,1,0.31244699943424564,20.43402777777778,-0.2937239583333344,-0.4841703545625,-0.12221328520833333,-0.008734365854166667,-0.24562950891666666,-0.5126883801041667,0.43004610774130975,-0.4555904532734375,-0.1262809007174479,-0.015899934223958332,-0.23834744913671874,-0.47894814045833334,0.42854986311640003
Wade,turb_kg_km2,2018-09-03 14:45:00,fall,3,1,1,0.5354531070728092,0.016685433426327608,70.96367787595725,136.56720999577178,127.91400000000002,51.8,0.76,51.8,3.0353313445000003,85.51215277777777,5.998918541666677e-4,0.94300063831191006,0.15578782952625675,15.48263888888889,6.849583333333332,-0.64837875365625,-0.18086961594270834,-0.21294261341145834,-0.326984356671875,-0.6119948133072917,0.06800765658292729,-0.6101349564322917,-0.1484320493515625,-0.14621861261979166,-0.3221158791640625,-0.5870130143828125,0.15041534633606587
Wade,turb_kg_km2,2018-09-11 01:15:00,fall,1,1,5,0.013927735906677377,3.9878775397339777e-4,77.2308607464208,0.17186251034135927,8.11,13.600000000000001,0.04,13.600000000000001,0.062976195,78.29947916666667,0.0012844648541666674,0.8118440521089509,0.25242368544474914,6.871527777777778,-4.321093750000001,-0.5756668015520834,-0.10454722303125,-0.03308752086458333,-0.30963018916145835,-0.5654687399635416,0.3439023344793245,-0.5400548852513021,-0.10044180217838541,-0.0200537064296875,-0.30959897102343753,-0.5365976722669271,0.3583004782940113
Wade,turb_kg_km2,2018-10-02 03:00:00,fall,2,2,5,1.2162407722495765,0.07560397314639389,35.573541598292785,16.00083357473136,4.866,25.400000000000002,0.16,33.225221250000004,2.7744276645,52.57725694444444,0.10682501455989583,0.6915631744644489,0.542393062622483,4.645833333333333,-4.283046875,-0.24834969110416666,-0.0727290975625,0.0170312466875,-0.07380225733333333,-0.18842742305729165,0.8116642121894149,-0.3012038804388021,-0.07782541529166667,0.013437464830729167,-0.07901459684895833,-0.28078003034505206,0.7521013522280117
Wade,turb_kg_km2,2018-10-06 22:45:00,fall,2,3,5,0.12138756272488037,0.00918537452467975,29.223315578277113,0.3873933752974132,0.3746666666666667,8.200000000000001,0.08,10.04335625,0.315403112,40.140625,0.41170174286067707,0.6259159574964605,0.3841442714720207,3.3506944444444446,-1.5227256944444445,-0.311236425828125,-0.0787131195,0.00437932640625,-0.07611500963020833,-0.3531146116510417,0.7178658865835427,-0.21958373078385415,-0.07396057592057291,0.011466781485677084,-0.06503419762239583,-0.1733242223971354,0.8333004308633176
Wade,turb_kg_km2,2018-10-11 07:15:00,fall,1,2,5,0.04274686788813222,0.12320917596556287,0.7672085098358371,11.640327441784182,4.199333333333334,20.2,0.44000000000000006,21.393105,2.819219394,30.9609375,0.15295479438020834,0.8065884799879799,0.4613213763991578,2.392361111111111,5.4500954861111115,-0.33368224670833335,-0.09716683402083333,-0.015521194723958333,-0.09749992591666666,-0.4164218766510417,0.6378021348498556,-0.22965893096484374,-0.08606741211588542,-0.0017990087187500002,-0.0887804065234375,-0.24198960354166668,0.7634072379478871
Wade,turb_kg_km2,2018-10-15 18:30:00,fall,2,3,6,0.0425212187412259,0.007925047782840427,11.864678641567789,0.2976736539556886,0.2986666666666667,3.8000000000000003,0.08,7.40954875,0.291133891,44.30381944444444,0.6352929968242188,0.5994917199938643,0.6401369782922435,2.9166666666666665,-6.0384375,-0.2716975477864583,-0.07376066894270833,0.0070781258177083336,-0.077213091203125,-0.38154171495833333,0.7294256207743656,-0.1923733296796875,-0.07113831620963541,0.013738196604166667,-0.07080552038411458,-0.21240104501041668,0.8312789819306536
Wade,turb_kg_km2,2018-10-23 11:45:00,fall,2,3,6,0.16968598833189882,0.009551062396787938,39.286782758955674,NA,0.5913333333333333,10.4,0.12,11.35,0.2853957935,49.94965277777778,0.11560860250390625,0.3943639634689503,0.3525583253073726,6.315972222222222,-5.659253472222222,-0.298327866859375,-0.07511929872395834,0.021359879567708333,-0.08089055505208333,-0.47681772999479166,0.6949972868904586,-0.2966833893333333,-0.07696951668619792,0.0105642841796875,-0.08563928419921875,-0.46112244101041666,0.6857183706169023
Wade,turb_kg_km2,2018-10-27 14:45:00,fall,2,3,6,0.6489714221731238,0.03819369861027692,37.57387804760611,2.8308681512862575,0.656,18.2,0.12,26.362661249999995,0.92222833,28.734375,0.1681197980390625,0.23708340063209452,0.5662903033374764,1.3159722222222223,-5.560295138888889,-0.22937504994270833,-0.066666724109375,0.025744922421875,-0.07902606831770834,-0.34118756660416666,0.7782037268531907,-0.16848698332942708,-0.06499065497135417,0.027550978192708332,-0.0793033473359375,-0.18752621277734374,0.8610691178773263
Wade,turb_kg_km2,2018-10-31 13:00:00,fall,2,3,6,0.993878362014827,0.03272801298595773,67.15305303115677,4.377021587547287,1.1079999999999999,10.200000000000001,0.12,25.26859125,2.167931258,18.881944444444443,0.4583427948567708,0.24636275460717752,0.8557056713228002,0.4375,-4.994409722222223,-0.14190644148958334,-0.062375128239583334,0.028542042203125,-0.08008363722916667,-0.13792184418229167,0.8817139660094738,-0.1275261415768229,-0.06067201635026042,0.027450970888020832,-0.07828018959114584,-0.10948421158723959,0.9097720207688798
Wade,turb_kg_km2,2018-11-01 15:30:00,fall,2,2,3,3.353048897824532,0.1087861376999497,68.15825989219299,63.36672983586242,13.867333333333333,26.6,0.08,37.37805875,3.298636089,17.977430555555557,0.7143845405625,0.31464597478176526,0.849843523395161,0.006944444444444444,-0.3427083333333334,-0.10784383076041666,-0.060255197489583336,0.026494082250000002,-0.08354205635416667,-0.06404171828645833,0.9165950780068554,-0.12438940784114584,-0.0624857784609375,0.026418101356770834,-0.08263180205338541,-0.10512887898437501,0.9062476505479564
Wade,turb_kg_km2,2018-11-03 01:30:00,fall,2,2,3,4.332659104185393,0.14349294244744398,66.76919557698743,72.09210699303345,28.686,29,0.16,59.54155,3.701824901,15.0234375,1.4758622775039063,0.3736178467507275,0.8513090603770707,0.006944444444444444,-0.1437847222222226,-0.10088540665625,-0.05689054925520833,0.028291122119791668,-0.0642449948125,-0.034354120885416665,0.9470312812979337,-0.1156016305625,-0.059496110618489584,0.027838331216145835,-0.0759104183203125,-0.07998695065104167,0.9279457459970254
Wade,turb_kg_km2,2018-11-05 16:30:00,fall,2,2,6,3.401807279782104,0.10616480301019235,70.85676382195038,23.96151329539396,3.6833333333333336,9.4,0.12,55.523354999999995,3.106681314,16.77951388888889,2.4091560934570313,0.22153249272550923,0.848377986413251,0.3194444444444444,-4.236736111111112,-0.12044270001041667,-0.05736438766666667,0.033822783411458335,-0.08052624733333333,-0.086859255921875,0.9156357050345936,-0.10249608771614584,-0.054445218625,0.032215749273437504,-0.06592734104427084,-0.04453379483854167,0.961999227785195
Wade,turb_kg_km2,2018-11-09 17:15:00,fall,2,2,6,1.0344531940489057,0.034771542228988955,65.78684466254717,6.881699970974173,2.707333333333333,17,0.08,23.696098749999997,2.282817198,29.348958333333332,1.2771115176315104,0.3348342294633585,0.7167209522569942,1.2256944444444444,-3.9309201388888892,-0.16636473486979167,-0.058468789114583336,0.022828635432291668,-0.08232335383333333,-0.14282810916145833,0.871099480378268,-0.13496102617447917,-0.06260672627994791,0.025007574998697917,-0.08673076788802084,-0.11831119957942708,0.8936716367748743
Wade,turb_kg_km2,2019-04-05 00:45:00,spring,2,4,4,1.5629040041247548,0.007923842362111907,436.1628200651615,0.3868823324706237,0.32466666666666666,0,0,2.8464849999999995,2.29840347220132,124.6171875,1.1884394285575148,0.0074779370512751235,0.6754394715822528,0.2048611111111111,-3.7139583333333333,-0.13099999249479166,-0.08740103084375,0.012869820796875,-0.09427080836458333,-0.10626564831770834,0.843836556422975,-0.13099738054036458,-0.08210284709895833,0.0177903822421875,-0.08407551873046876,-0.08688409746223959,0.8768125549686447
Wade,turb_kg_km2,2019-04-06 12:30:00,spring,2,4,4,1.796748146496488,0.011458484255313124,346.7465897994275,0.1276025787433945,0.12333333333333334,0.8,0.04,3.62290125,1.41077027797576,112.77951388888889,1.4984002031226749,0.007664629025076015,0.6503812161169387,0.8333333333333334,1.2381250000000001,-0.13930206251041666,-0.08199476338541667,0.016932262546875,-0.08482294247916666,-0.103364579171875,0.85790408529904,-0.1407239445846354,-0.08374216439192708,0.01571875625,-0.08943487251692708,-0.09901822312109375,0.8615388701595155
Wade,turb_kg_km2,2019-04-07 12:15:00,spring,2,4,4,14.296734259140415,0.10759380556283556,293.83379312276685,31.60808565871197,4.448,14.8,0.08,18.039975000000002,3.02399543779714,86.96006944444444,1.3748083745833573,0.005984401260867978,0.6696565661557763,0.07291666666666667,0.5554861111111111,-0.14480739322916666,-0.076500001671875,0.016833280895833334,-0.08699479497395833,-0.09504169828125,0.8641654826204479,-0.13613543434895833,-0.08278254480208333,0.014945298977864584,-0.08965233604296875,-0.09946355144140626,0.8636546106958711
Wade,turb_kg_km2,2019-04-11 06:15:00,spring,2,4,4,0.42361664061794113,0.0026091239846909643,359.0297693558832,0.06177884743063686,0.14733333333333334,0,0,12.785717499999999,1.727749807265565,43.55034722222222,2.4703257647450476,0.008971472841682268,0.6906072447665467,0.010416666666666666,-4.0196875,-0.17618744252604165,-0.07701564666145833,0.020281211703125,-0.06189062580729167,-0.094979168328125,0.8718964757837694,-0.12609176114973958,-0.07317168589713542,0.020427674611979165,-0.07332948633072917,-0.07420371413541667,0.9043224782181604
Wade,turb_kg_km2,2019-04-11 11:45:00,spring,2,4,4,NA,NA,NA,NA,0.196,5.6,0.32,18.48998,1.83673222279889,44.44444444444444,2.48071678590985,0.010465008632089413,0.6761326188226263,0.059027777777777776,-4.096527777777778,-0.18280203085416666,-0.07894271252604167,0.019171870005208334,-0.06549482246354167,-0.09794792831770834,0.8630612694806826,-0.12812429928645833,-0.07333443548958334,0.020349565430989584,-0.07233730070442708,-0.07392767246744791,0.9040815510843683
Wade,turb_kg_km2,2019-04-12 13:30:00,spring,2,4,4,NA,NA,NA,NA,15.264666666666667,1.8,0.2,10.94413,4.25237091914666,71.05902777777777,2.2233654390042004,0.011211776527292987,0.6801628455228783,0.1388888888888889,1.2049652777777777,-0.13273430919270834,-0.07100004831770833,0.02357815165625,-0.065755154234375,-0.07366140590104167,0.9011112076675909,-0.13625188700130209,-0.07309096423567708,0.021569624803385416,-0.06685291717578125,-0.07671802810677084,0.9051330993794388
Wade,turb_kg_km2,2019-04-14 17:00:00,spring,2,4,4,17.56160387312385,0.08142445877931107,476.93748982445715,97.25339748449028,15.739333333333335,16.2,0.24,22.54863625,4.00377802951008,125.87847222222223,2.476575731466996,0.017302630843315802,0.767550159919572,0.020833333333333332,5.359236111111111,-0.06258848503645834,-0.06515622251041667,0.03102084747916667,-0.062171888333333335,-0.058411430859375,0.9451109500750089,-0.10369137522135416,-0.06823307438671875,0.027533862492187502,-0.06479428728255208,-0.06425780085026042,0.9338366709874127
Wade,turb_kg_km2,2019-04-17 11:00:00,spring,2,4,4,4.909249678330446,0.02146386468479903,505.77733525132,2.5399440016449373,0.486,0,0,14.265674999999998,2.79684281774697,76.56684027777777,3.2170053932152567,0.017302630843315802,0.7467406039333975,0,-0.3100694444444445,-0.11333328502083334,-0.06632290189583333,0.026536459505208332,-0.06149481439583333,-0.09051039565625,0.9129943010740595,-0.07480464523567708,-0.06330466319270833,0.03175393526171875,-0.06096614257421875,-0.061760398709635414,0.9577798549000034
Wade,turb_kg_km2,2019-04-18 14:30:00,spring,2,4,4,27.716103904755688,0.11908273925059859,514.677911555402,918.6123464620115,306.85866666666664,28,0.27999999999999997,41.93239125,5.41669423932204,71.58940972222223,2.9429939139289214,0.018796166633722945,0.7393684012781445,0.04861111111111111,3.647951388888889,-0.13096358666666666,-0.0724948324375,0.016932284177083333,-0.06823953586458334,-0.128276032484375,0.8754610351783606,-0.09522134793098959,-0.06540885447786458,0.027509127532552084,-0.06182679530859375,-0.08197915133984375,0.9366658910742172
Wade,turb_kg_km2,2019-04-22 11:45:00,spring,2,4,4,6.305080403123887,0.03259846990477343,427.70623239011945,10.966857038597011,1.6406666666666667,0,0,24.06426,3.3690191433021903,81.99045138888889,3.5967998374447254,0.22481202123683067,0.8092783426534196,0.2604166666666667,5.416979166666666,-0.10754688747916667,-0.08196875997395833,0.0049479083229166665,-0.07375002745833334,-0.16922393999479166,0.8458615174980915,-0.08937237479427083,-0.06891665791666667,0.014660154171875,-0.07180469373307291,-0.11507029605859374,0.9063904560854091
Wade,turb_kg_km2,2019-04-23 10:45:00,spring,2,4,4,12.702650152966708,0.0814378903602789,344.9212789816495,42.566037647218515,75.126,11.8,0.12,29.583334999999998,3.53720117468468,108.48177083333333,3.6207543343850563,0.27514910270981463,0.8068721379374026,0.003472222222222222,4.853090277777778,-0.10895320909375,-0.08613025494791667,0.0021718316979166667,-0.07732290921354167,-0.18738548159895832,0.8298227462405665,-0.0918450845390625,-0.07375652873046876,0.010493476884114583,-0.07418230623828125,-0.13274089040755208,0.8882323085144365
Wade,turb_kg_km2,2019-04-26 09:45:00,spring,2,4,4,13.141175362480082,0.09998188965950013,290.64645849361034,52.79785476214841,12.832666666666666,31.200000000000003,0.12,41.85900000000001,3.93904964432269,116.77951388888889,3.008754533213848,0.27875274319525584,0.7648869196699214,0.7604166666666666,-0.9578645833333344,-0.15445343038020834,-0.07129567361458333,0.020950956697916665,-0.060053491979166665,-0.152583569625,0.8692257615583383,-0.12426094747526041,-0.07767228279817709,0.0080226643515625,-0.0724929028046875,-0.15414370065625,0.8629041586457045
Wade,turb_kg_km2,2019-05-01 15:45:00,spring,2,4,4,5.459579152383338,0.03842759856130762,314.1724414347224,1.9914990551737561,1.0466666666666666,11.200000000000001,0.12,11.525802500000001,2.61911044263552,122.84895833333333,2.2898033187379845,0.20080420600780263,0.6627250937520409,0.1423611111111111,-0.6111805555555554,-0.18294272830208333,-0.07461457752083334,0.01662498584375,-0.0623071775625,-0.16990102002604165,0.8450447726461984,-0.15527084186197918,-0.07021354791015626,0.0198580585625,-0.06266790879036459,-0.14693357023958334,0.8792036064475032
Wade,turb_kg_km2,2019-05-03 11:45:00,spring,2,4,4,7.932301050832799,0.06946487106288561,252.51438279694761,9.873922330500248,6.663333333333333,14,0.12,23.4145,3.15075644394254,98.67795138888889,2.0490282490614375,0.2564561961130073,0.656902567074983,0.03125,0.9874652777777779,-0.166130222515625,-0.07076045085416667,0.015796889973958332,-0.05807285591145833,-0.144510465796875,0.8662046863941142,-0.1645338758203125,-0.07046355521484375,0.0176236854296875,-0.06068482463932292,-0.147149722921875,0.8750993056796693
Wade,turb_kg_km2,2019-05-05 12:30:00,spring,2,4,4,3.586482515012702,0.03264467258790222,242.94533603643399,0.030008938309075663,0.052,0,0,21.04133625,2.67683099267038,69.28559027777777,2.535775565222847,0.3097803491668055,0.6991257907962971,0.08333333333333333,1.4315277777777773,-0.18079687496354166,-0.074343770796875,0.013218696729166667,-0.06870839325,-0.16232292665625,0.8419479179503317,-0.15527473062109376,-0.06812501791536459,0.016683574613281252,-0.06321610502734375,-0.12440364186197916,0.8870775853281117
Wade,turb_kg_km2,2019-05-07 07:15:00,spring,2,4,4,4.4067402698043345,0.04181818881370562,233.02601077088573,1.3306386938058685,0.8906666666666666,7.800000000000001,0.08,20.07179125,2.85916466457893,123.37413194444444,2.696050769104298,0.42619480385977554,0.66213956945647,0.8368055555555556,7.821684027777778,-0.19609366672395834,-0.08513541917708334,0.004432315802083333,-0.05904701155729167,-0.18126556921354167,0.8170444361297022,-0.1719218547890625,-0.07498828271354166,0.011443998352864583,-0.06502999390625,-0.14856510458203126,0.858308256038536
Wade,turb_kg_km2,2019-05-09 11:45:00,spring,2,4,4,8.201081862779896,0.08671182019355958,209.14380726009716,43.99202404066606,11.405333333333335,30.6,0.27999999999999997,37.630475000000004,3.64343924489577,167.20572916666666,2.384612526046624,0.3029427269555791,0.6614576630230375,0.003472222222222222,-1.7696875000000007,-0.20009377331770833,-0.07876049241666666,0.03949996085416667,-0.05450010159375,-0.16606251578645834,0.8567282091944798,-0.188200895296875,-0.07951378106901041,0.023401437880208334,-0.05779099105078125,-0.1622792439375,0.8552613695379664
Wade,turb_kg_km2,2019-05-13 15:45:00,spring,2,4,4,4.093248523700549,0.05950583433879141,152.11103814023787,5.379975728591093,1.4386666666666668,19,0.08,43.4351875,2.9393921073933154,99.88194444444444,2.309758263909047,0.3722811310111227,0.6658384698263635,1.2048611111111112,3.0565277777777773,-0.19922393667708332,-0.08333329170833334,0.037015604171875,-0.06674473838541667,-0.17127082586979167,0.8396860367737888,-0.17109372313281251,-0.07659110897526042,0.0420924591484375,-0.061963503993489585,-0.1371210791966146,0.8849280075253367
Wade,turb_kg_km2,2019-05-16 17:15:00,spring,2,4,4,1.3120501987622215,0.01674456612185233,173.27213153477274,0.003708857694769238,0.026,2.2,0.04,17.89853625,1.83647507517158,105.64409722222223,2.205029528825299,0.3935587738007179,0.6774819649451532,0.4618055555555556,0.23555555555555685,-0.19560816052083332,-0.07788050890625,0.03679433878125,-0.05927336428645833,-0.1684232491875,0.853499265678815,-0.17828876366796875,-0.07544539888802083,0.04025455678515625,-0.06285480524088542,-0.14509672394921874,0.87903200373403
Wade,turb_kg_km2,2019-05-17 16:45:00,spring,2,4,4,1.1870587859521347,0.01728019552153189,151.9062840226869,0,0,0,0,4.386815,1.54130019118166,97.03298611111111,2.2011451322938718,0.4149351194839949,0.6549023678550249,0.1284722222222222,1.1243750000000006,-0.18975002998958335,-0.07240623751041667,0.031046889151041666,-0.05280210163541667,-0.18206776328125,0.8580680878835609,-0.1758695024153646,-0.07272404888541667,0.038886078235677086,-0.059432939809895835,-0.1476240774752604,0.8840673687444532
Wade,turb_kg_km2,2019-05-19 08:00:00,spring,2,4,4,0.34757643530585247,0.004084658422476591,188.16842312429318,0.042799667680971966,0.09666666666666666,2.6,0.2,4.85625,1.33743757283536,89.64583333333333,1.704273131237516,0.43016225527405194,0.635964354346819,0.0625,1.2481944444444455,-0.18732288582291667,-0.07308852502604167,0.030229200802083335,-0.05831251000520833,-0.19149998169791668,0.8507022538383382,-0.19038771658203124,-0.07475137181770833,0.032942094890625,-0.05784568253125,-0.18031544813541667,0.8614164298551731
Wade,turb_kg_km2,2019-05-19 17:00:00,spring,1,2,3,4.930319643923111,0.1022027860374184,106.67545577581767,71.19410526941017,60.586666666666666,27.8,0.8400000000000001,32.517225,3.5026148824049903,84.73350694444444,1.5704555554286328,0.44981164285813335,0.6315677434010897,0.06944444444444445,2.5785416666666663,-0.184739540859375,-0.07397912672395833,0.02850527578125,-0.059197880057291666,-0.18188535256770832,0.8518159772851894,-0.189404637421875,-0.07439980578255208,0.03163610301822917,-0.0573808404453125,-0.18062533459765626,0.8615167944453485
Wade,turb_kg_km2,2019-06-29 17:00:00,summer,3,1,1,0.23522655571201345,0.0034222080685660052,151.99598074062004,1.2055601762237547,2.44,11.6,0.72,15.65015875,0.552087206731289,172.2734375,0.17602434297677402,0.7999793479926168,0.46571328500465364,38.27777777777778,4.995598958333332,-0.428145795875,-0.11835933753645833,-0.005921779286458333,-0.22182802843229166,-0.5310051725572916,0.46574204282786813,-0.32554641797135414,-0.10790385744140625,0.0034550708203125,-0.12186995772526042,-0.39993995646875,0.624574944382561
Wade,turb_kg_km2,2019-06-30 09:30:00,summer,1,1,5,0.605838230297611,0.01584881213628002,84.53024408865323,6.649597372453884,4.796,12.6,0.64,26.460191250000005,1.26764207769791,171.19791666666666,0.18907027987069486,0.8420125117121975,0.5393332948169037,0.125,2.4390277777777776,-0.2976926683854167,-0.10292202153125,0.009510497427083334,-0.09500014484895833,-0.326521020703125,0.6919816421509669,-0.33113975948958335,-0.10824791163020833,0.0036874590143229167,-0.1253728108684896,-0.40411828813541667,0.6182964746639908
Wade,turb_kg_km2,2019-07-06 11:45:00,summer,1,1,5,0.8082611168297454,0.019742207929269364,90.53325399519278,33.6805537431653,41.87466666666667,17.4,1,19.11,2.62295137264033,148.37413194444446,0.12886032304697712,0.8787097662159867,0.33461937674067666,4.927083333333333,8.19134114583333,-0.4789271024895833,-0.13031754429166667,-0.016750039947916667,-0.28123953838541665,-0.572265646625,0.3727404538004663,-0.4304687676966146,-0.12246350690755209,-0.006625010822916667,-0.22221879351692708,-0.5272044437278646,0.44433488726488857
Wade,turb_kg_km2,2019-07-11 20:00:00,summer,1,1,5,0.5507326892374937,0.007979065142876107,152.63038854489804,4.368209170632477,15.908666666666667,20,1.3199999999999998,26.08,0.464516231246802,161.31076388888889,0.1159549357021878,0.8530135280356179,0.32986194182555423,4.302083333333333,4.42238715277778,-0.5137288158020833,-0.14165636779166665,-0.036297917265625,-0.32859576208333335,-0.6014620199375,0.29170359891440345,-0.44885928708072914,-0.12735810798958333,-0.016478124532552083,-0.26696013136848956,-0.5483251339492188,0.3851322153619723
Wade,turb_kg_km2,2019-07-28 15:30:00,summer,3,1,5,0.4107011876771795,0.004574529078163265,198.53255492444256,3.6326423665011287,15.568666666666665,28.2,0.8800000000000001,32.379999999999995,0.865681922480014,140.95920138888889,0.06302755489681182,0.8979407495779321,0.11720791420202079,15.177083333333334,4.610954861111111,-0.574265590875,-0.17210939080729165,-0.21851568411458333,-0.30237500667708334,-0.6017915051197916,0.11999333060647306,-0.5642525829869791,-0.15976565601041667,-0.19135159705208332,-0.3204205929166667,-0.6218997046080729,0.10877454668138509
Wade,turb_kg_km2,2019-07-31 14:30:00,summer,1,1,5,0.43478592284681106,0.005812298216210716,165.41685170998886,6.260254675096002,24.611333333333334,2.6,0.27999999999999997,41.09459375,1.41077027797576,114.44704861111111,0.142897769216138,0.9963270328413747,0.5372902184245975,2.375,2.750598958333331,-0.3879791858125,-0.12185944577604167,0.012083258411458334,-0.09023433836458333,-0.4763125474791667,0.5929981303919125,-0.33213142902604165,-0.12712630499739583,-0.048296927231770835,-0.14278907312239583,-0.387992086953125,0.5484348976178799
Wade,turb_kg_km2,2019-08-07 18:45:00,summer,1,1,5,0.3608522867750134,0.0063211734310983465,126.23620243295461,2.1987685042307916,4.433333333333334,21.2,0.32,31.187136250000002,1.20122652920184,141.15364583333334,0.08481245908136681,0.8841168142735922,0.2006155598288092,6.302083333333333,3.809778645833333,-0.47997922161458334,-0.136859372484375,-0.01464061084375,-0.26207290834375,-0.5705207675677083,0.3789207992853916,-0.4969713589453125,-0.1413632762330729,-0.048459692024739584,-0.2614830966328125,-0.5800562637239584,0.3181566720888262
Wade,turb_kg_km2,2019-08-08 08:45:00,summer,1,1,5,0.6353566979720807,0.02087905746408709,67.29129533971806,14.17614427661923,15.481333333333334,12.6,0.24,36.483,2.69998312635873,141.59895833333334,0.13385283249137156,0.9489699188860192,0.5768331445975926,0,2.9774652777777746,-0.340015697453125,-0.118494764171875,7.552524583333333e-4,-0.195853924390625,-0.3630566330260417,0.5729355609857913,-0.46351173227213543,-0.13714191124739583,-0.0458424758046875,-0.2540507219153646,-0.5314426373333333,0.36020473047805873
Wade,turb_kg_km2,2019-08-08 20:45:00,summer,1,1,5,0.5724455015448588,0.018580987720049687,68.12672562673005,5.927832226350045,9.216666666666667,9.6,1,45.047349999999994,2.51197723371467,121.26041666666667,0.30588003381403694,0.9693952521539027,0.6568037385933293,0.020833333333333332,2.0387847222222213,-0.157989624109375,-0.09639061334375,0.018682344963541667,-0.0808489316875,-0.137405680453125,0.8260924327766505,-0.42207682832291665,-0.1323189895859375,-0.04306383121875,-0.24174211838541668,-0.47752859294921873,0.41140029232545383
Wade,turb_kg_km2,2019-08-10 05:15:00,summer,1,1,5,0.5925770036574095,0.018335128798643876,71.46822465779734,0.8087196544147098,1.7526666666666668,12.4,0.48,55.4006575,1.1798128563915,110.74479166666667,0.5025161204760747,0.9337284220588247,0.6584210082244858,0.71875,-1.0002951388888892,-0.16316144168229166,-0.10027083999479167,0.021671897489583335,-0.07934891670833333,-0.19305738574479167,0.8042426965759706,-0.29838802061588543,-0.11604036416145834,-0.013454440817708333,-0.15958326568098957,-0.33071872813802083,0.609174834517046
Wade,turb_kg_km2,2019-08-12 19:30:00,summer,1,1,5,0.2989508176920326,0.006736458530156429,98.13417378854956,0.15496830454709296,1.1893333333333334,8.4,0.44000000000000006,27.67424125,0.473569353365291,121.32638888888889,0.49540496196994993,0.860160004719309,0.5859558379133387,1.3125,2.8106944444444437,-0.283046830046875,-0.10960415086458333,0.013416718291666666,-0.08124995502083333,-0.371692694203125,0.6855884298628875,-0.1774439862734375,-0.09868229000781249,0.0215521210078125,-0.07929684690755208,-0.2156744487799479,0.7989689542702657
Wade,turb_kg_km2,2019-08-17 03:15:00,summer,1,1,5,0.20546557457776987,0.003656836591778073,124.24693334568406,0.8630474540862721,5.816,9.4,0.8,13.323500000000001,0.541653901060544,109.03645833333333,0.16809207244514018,0.8720317758028782,0.3731572898861745,3.1458333333333335,2.575729166666667,-0.3993228883229167,-0.10729684336979167,0.0011927175104166667,-0.07954690330729167,-0.46383373051041665,0.6108442836536736,-0.3360487078424479,-0.10865573455078124,0.007219334975260417,-0.07781207439583333,-0.4293259198789062,0.6430931442568275
Wade,turb_kg_km2,2019-08-28 14:45:00,summer,1,1,5,0.40595076712953704,0.004712202777196509,190.50288667945864,0.4258339826170584,2.292666666666667,19.6,0.27999999999999997,19.6,0.473569353365291,100.52864583333333,0.07668787159041918,0.8079494025668215,0.15229706541881657,10.822916666666666,2.878967013888891,-0.5855259891927084,-0.152051984234375,-0.18235928589583333,-0.32410411171875,-0.62970301509375,0.1435849070974657,-0.5563815368502604,-0.13704817853515625,-0.09700130937890625,-0.32116406604427084,-0.6080937670807292,0.21478925725783274
Wade,turb_kg_km2,2019-09-01 22:30:00,fall,1,2,5,1.0036890842489443,0.025708689923586613,86.33192407263897,3.1711866617310007,2.714,30,0.12,34.081105,1.24513559153163,82.93489583333333,0.132304986070581,0.8281198265033534,0.3147357839317326,3.1354166666666665,-0.9194791666666653,-0.5336822983229167,-0.126843744171875,-0.09669791082291666,-0.319525997546875,-0.5960520541875,0.2682030160209727,-0.4115169068841146,-0.11480857313671874,-0.02863412124609375,-0.20999088375260416,-0.4807005064570313,0.470207042076912
Wade,turb_kg_km2,2019-09-04 09:15:00,fall,1,2,5,0.44490548747460074,0.016672159628974774,59.01033334132306,5.104572777666705,7.712666666666666,11.2,0.24,37.68837499999999,1.93472332431987,71.98871527777777,0.30384726703293546,0.8110038621487108,0.5945384521322536,0.08333333333333333,1.1954513888888894,-0.22584367255208332,-0.094468665078125,0.011838498375,-0.07328635843229167,-0.287057263390625,0.7561679034190978,-0.34746480523046874,-0.102782522109375,-0.025164093305989583,-0.17688927296614584,-0.36770832896484373,0.5749360764036117
Wade,turb_kg_km2,2019-09-07 16:30:00,fall,1,2,5,1.0435593365429345,0.04423261640190512,52.17070244831445,11.929747968348673,12.080666666666666,20.2,0.36,29.339617499999996,2.14595345767519,83.95572916666667,0.33013204971393356,0.7725169345027002,0.4951859782338577,2.4791666666666665,-0.46009548611111306,-0.45094788919270834,-0.10918751579166666,8.280866822916666e-4,-0.07329164751041667,-0.500598948328125,0.5826104801035155,-0.29977858275911456,-0.09787887876953125,0.00954686230078125,-0.07042445875911459,-0.3572761276236979,0.7027527135908119
Wade,turb_kg_km2,2019-09-11 04:00:00,fall,1,2,5,0.517691743721217,0.013166769305010827,86.94491311237866,0.04426824313243056,0.26866666666666666,9.8,0.16,26.45879625,0.521331851190395,64.52170138888889,0.5754534494190479,0.7080236889057419,0.5915104677345395,2.125,2.393203125000001,-0.34330208585416666,-0.09299481747916667,0.016671881645833334,-0.0621040584375,-0.45369269005208335,0.6738761202695847,-0.27816146832552086,-0.08825388854947917,0.023026050196614585,-0.06324216272786458,-0.31515355799869793,0.7530226307272391
Wade,turb_kg_km2,2019-09-23 18:45:00,fall,1,1,5,NA,NA,NA,NA,0.9253333333333333,12.8,0.24,13.180000000000001,0.333110122076018,56.68663194444444,0.09284860746608778,0.7096090032219454,0.14323764784818588,10.364583333333334,8.609309895833334,-0.5651310919427084,-0.153260997765625,-0.18330442219791668,-0.32688210559375,-0.6317227681458334,0.14585038146078855,-0.5420075839427083,-0.13970177779166668,-0.12107284352734375,-0.32159613597265624,-0.6139590463697917,0.1967781295505813
Wade,turb_kg_km2,2019-09-26 11:15:00,fall,1,2,5,0.21536739941152588,0.008289112151550601,57.45450847724984,0.39096814940880426,1.4986666666666668,9.6,0.12,21.874,0.64249047030176,36.450520833333336,0.15419561323414632,0.7479208931843802,0.5187655093060195,1.34375,0.10498263888888992,-0.2531302518177083,-0.10688542547916667,0.0256089273125,-0.083853428015625,-0.4125700849479167,0.6927307335966844,-0.3519942415143229,-0.12099427057421874,-0.0518297197109375,-0.16735007446354166,-0.4534978294127604,0.5066620732435698
Wade,turb_kg_km2,2019-09-28 17:15:00,fall,1,2,5,0.29602354470965264,0.02124385792745675,30.813783849589683,2.441003111228369,2.01,12.600000000000001,0.2,23.001787500000002,1.51433381624241,36.229166666666664,0.2335689979209456,0.7117248364120129,0.5374833626609816,1.0833333333333333,-0.3935069444444448,-0.26966243470833334,-0.109415903515625,0.027159929088541666,-0.08970654331770833,-0.42099105321875,0.6783647969014143,-0.22595821605989583,-0.10469624623697917,0.027494890608072916,-0.08581039101302083,-0.34019431586588544,0.7295054614080192
Wade,turb_kg_km2,2019-10-01 16:15:00,fall,4,5,2,1.8800327878707321,0.17929360862327615,23.187438789607494,2294.1879056557686,604.7040000000001,79.2,1,94.4929575,9.53391090783441,40.73090277777778,0.40588682971438356,0.6321579610870367,0.5678007310452624,1.8333333333333333,-0.07464409722222065,-0.20993122323958333,-0.1048089905,0.019551098666666666,-0.09394509163020834,-0.31284321646875,0.7319401745442917,-0.2047198205065104,-0.10303412175911458,0.0277727333828125,-0.09038195494270833,-0.3043816819296875,0.7490464466043651
Wade,turb_kg_km2,2019-10-04 00:15:00,fall,2,2,6,0.29293425716189714,0.013998447464762592,46.27457692067588,0.43321051215174333,0.216,3,0.04,75.14585,1.41077027797576,41.177083333333336,1.7983808870802926,0.5700768378109855,0.6753085912375016,0.4166666666666667,-5.4484375,-0.12080411296875,-0.09907484913541667,0.041618958223958336,-0.08404389269791666,-0.16017337515625,0.8421641827162921,-0.14393723036458334,-0.09822516365755209,0.0352121898984375,-0.08888612625130209,-0.2067890959908854,0.8183988665002765
Wade,turb_kg_km2,2019-10-07 02:00:00,fall,2,2,3,0.696106938670696,0.09589859756112665,16.051509202654525,32.11973380385094,8.205333333333334,25.6,0.4,28.310682500000006,3.17862395192458,44.66753472222222,0.9102639360578719,0.4476486144390789,0.637306317333977,2.4375,0.8174479166666675,-0.12986554039583334,-0.1049994283125,0.03264004481770833,-0.08856661013541667,-0.20431216502083333,0.8076845798099006,-0.12406801663671875,-0.09965667891666667,0.03825740561067708,-0.08472450293229167,-0.179020932390625,0.8386785478786197
Wade,turb_kg_km2,2019-10-16 21:45:00,fall,2,2,3,0.2836144503269988,0.26874606727455286,2.333664406582528,42.03738818995378,6.038,44.4,0.27999999999999997,47.3241,3.32673714643974,64.109375,0.25332914935725037,0.5290897892070259,0.5950693579951314,8.15625,-2.2718315972222207,-0.12982123147916666,-0.08779887111458333,0.028360154177083333,-0.089419163859375,-0.3132686651197917,0.7898137196436318,-0.12817849879036458,-0.09281615123958334,0.027677911838541666,-0.08704421933854167,-0.3355889171119792,0.7826402571843553
Wade,turb_kg_km2,2019-10-22 22:00:00,fall,2,2,4,0.038073972773657996,0.06389016833185297,1.3177903653467897,2.434423010197088,0.7686666666666667,11.600000000000001,0.08,11.762901250000002,2.66526861566679,55.81597222222222,1.3008998508678684,0.42379365431150856,0.6304266821408012,2.9270833333333335,2.6275347222222223,-0.13652037919791665,-0.089964217296875,0.03353384389583333,-0.09682639121875,-0.23884507436979166,0.808109343981933,-0.11856775760416667,-0.08263116301822916,0.03971712044921875,-0.0905533809765625,-0.20659781548697917,0.8507165392673457
Wade,turb_kg_km2,2019-10-27 07:15:00,fall,2,2,6,0.807214533750343,0.14013511896756645,12.737791960335873,26.850777641744717,11.484,26.8,0.2,26.8,3.31869609986766,42.99565972222222,0.9815644712389566,0.4766628168530929,0.6282766666271159,3.2395833333333335,-4.578836805555555,-0.12640644784895833,-0.08710031757291667,0.039304336791666665,-0.08813328258854167,-0.24040557600520834,0.8245180344328017,-0.11667745320833334,-0.08937801797526042,0.036963574065104164,-0.09261755821484376,-0.21768727240104166,0.8351903323591495
Wade,turb_kg_km2,2019-10-31 02:45:00,fall,2,2,4,0.11583917663096646,0.012779319045184078,20.044716330410942,0.2808448992762711,0.5386666666666667,4.4,0.08,26.74502125,1.59656934399302,34.73871527777778,1.8247067516902435,0.4772917022001862,0.638812262616504,1.6354166666666667,3.654331597222221,-0.13682837219791666,-0.09122474536979167,0.0334242444375,-0.09806308436979166,-0.22993287347916666,0.8084587629156258,-0.11808911041927084,-0.0832157406640625,0.04069818922265625,-0.09097132540625,-0.1865615302578125,0.8574830238998065
Wade,turb_kg_km2,2019-10-31 16:15:00,fall,4,5,2,1.0590602480850166,0.22986089205478574,10.188441229378524,1299.7427375452887,422.75800000000004,79.2,1.28,87.17142625,9.16285235837223,35.474826388888886,1.8091047165526493,0.5511915413023472,0.6284336666892408,0.041666666666666664,3.020416666666666,-0.130119638296875,-0.08980868699479166,0.03223992776041667,-0.09976802125520834,-0.20304062552604166,0.8194145233563245,-0.12099345099869792,-0.08572082657942709,0.038612603287760415,-0.09347518616536458,-0.18778034898307291,0.8493830932377552
