site,event_start,DOY,season,rain_event_total_mm,rain_event_hrs,rain_int_mmPERmin_max,rain_int_mmPERmin_mean,rain_preEvent_1d,rain_preEvent_2d,rain_preEvent_3d,rain_preEvent_4d,rain_preEvent_7d,rain_preEvent_14d,rain_preEvent_30d,API_4d,q_event_max,q_event_delta,q_event_dQRate_cmsPerHr,q_1d,q_4d,q_mm,NO3_kg_km2,SRP_kg_km2,event_NO3_SRP,turb_kg_km2,NO3_1d,SRP_1d,turb_1d,turb_event_max,gw_event_max_well3,gw_event_delta_well3,gw_1d_well3,gw_7d_well3,time_sinceLastEvent,multipeak,PET_mmHR,DO_pre_1,Redox_pre_1,SoilTemp_pre_1,VWC_pre_1,DO_pre_6,Redox_pre_6,SoilTemp_pre_6,VWC_pre_6
Wade,2017-08-03 14:45:00,215,summer,2.8000000000000003,0.25,0.44000000000000006,0.14,0,0,2.6,2.6,7.2,24.6,85.60000000000001,5.029175,2.6300819436,2.6067109792,1.04268439168,0.023487507475,0.02818983381875,1.4925222902802395,NA,NA,NA,72.21085908927644,0.272113950647421,6.597608561862531e-4,0.06511805555555555,136.23466666666667,NA,NA,NA,NA,NA,NO,0.1792,19.29835375,549.7395833333334,16.272916666666667,0.3177291666666667,18.27349020833333,-403.0416666666667,15.810416666666667,0.5662499999999999
Wade,2017-08-05 11:00:00,217,summer,49.2,17.25,0.9200000000000002,0.047307692307692314,0.2,3,3,3,5.6000000000000005,27.400000000000002,88.60000000000001,51.917,3.3260124178,3.292528067,0.82313201675,0.04220616781041667,0.095387414125,10.648772535686227,NA,NA,NA,176.80090647842934,0.22312613622230112,0.001987299352463152,0.16112500000000002,206.72400000000002,NA,NA,NA,NA,0.9520833333333333,NO,0.4434,18.94166625,539.0197916666667,17.179166666666667,0.3064895833333333,18.402085,-400.0239583333333,16.382291666666667,0.5634270833333334
Wade,2017-08-07 22:30:00,219,summer,11.200000000000001,12.5,0.12000000000000002,0.014834437086092717,0,12.4,49.400000000000006,49.400000000000006,54.800000000000004,68,131.8,54.11387499999999,0.6182789356,0.503540039,0.07459852429629629,0.14319889225416665,0.5533358564958333,1.6966701623425149,0.2080266093443304,0.004180038118796659,110.05019429336467,0.9681939094084671,0.13916383158139117,0.002290301199359533,0.22770138888888888,1.8993333333333333,NA,NA,NA,NA,0.43125,NO,0.0116,19.178272500000002,556.65,15.4,0.389,16.9987925,-395.6,15.2,0.62225
Wade,2017-08-11 21:45:00,223,summer,10.6,21,0.44000000000000006,0.008379446640316205,0,0,0,9.200000000000001,60.6,66,118.80000000000001,18.0934575,0.1350177194,0.09082200820000001,0.010684942141176473,0.051018612425,0.135612392259375,0.4863246984,NA,NA,NA,0.10974549577825868,NA,NA,0.09885416666666666,0.89,NA,NA,NA,NA,2.8583333333333334,NO,0.0246,19.305129375,559.41875,15.48263888888889,0.3863020833333333,17.55999,-391.7527777777778,15.16423611111111,0.6092951388888889
Wade,2017-08-13 05:15:00,225,summer,8,3.6666666666666665,0.68,0.035555555555555556,6.800000000000001,10.8,10.8,10.8,22,76.80000000000001,125.4,18.07,0.233240057,0.1620630196,0.018521487954285713,0.08771004678333333,0.0754755289671875,0.8305286342011976,0.1356569743708604,0.00162953038979302,184.09069091499796,0.410401632300388,0.18784306408556212,0.0014614911195273,0.19195138888888888,5.081333333333333,NA,NA,NA,NA,0.275,NO,0.003,18.82329,561.325,16.675,0.383,17.4440175,-393.575,16.4,0.628
Wade,2017-08-15 15:15:00,227,summer,7.800000000000001,17.583333333333332,0.4800000000000001,0.006842105263157895,0,0,13.8,18.8,18.8,82.2,125.60000000000001,23.704306249999995,0.13711798779999998,0.09620596899999997,0.012025746124999997,0.048785046679166666,0.0868383045109375,0.5693896326395209,0.10647811307944918,9.041088947736894e-4,260.43045503084244,0.11799718911421078,0.17557414641060615,0.001425040759387946,0.10174305555555556,1.1646666666666667,NA,NA,NA,NA,1.18125,NO,0.2328,19.156439270833335,566.9291666666667,15.80625,0.3845104166666667,17.1227828125,-393.865625,15.571875,0.6087708333333334
Wade,2017-08-18 05:00:00,230,summer,6.8,24.5,0.12,0.0046101694915254236,0,0.8,7.800000000000001,7.800000000000001,26.6,87.2,114.60000000000001,13.523625,0.0865561892,0.0509468186,0.005993743364705882,0.04044050513333333,0.059137092575520835,0.4499059455916168,0.0861494807634304,5.983505318128941e-4,318.38247041798155,0.07226336627369102,0.1947094953526938,0.0010867926175937045,0.10296527777777778,0.7106666666666668,NA,NA,NA,NA,1.11875,MP,4e-4,19.40646604166667,571.6791666666667,14.909375,0.37905208333333335,18.569756458333334,-398.075,14.942708333333334,0.5918645833333332
Wade,2017-08-19 15:00:00,231,summer,5.6000000000000005,15.416666666666666,0.4,0.006021505376344086,1.2000000000000002,6.8,6.8,11.8,28.400000000000002,56.800000000000004,121.4,15.86653125,0.1009285506,0.0477492716,0.009549854319999999,0.06381356818125,0.061010809189583334,0.6899055746443113,0.12491372373121369,0.0010656841184252877,259.19930144507384,0.14502595085392814,0.18867452151521166,0.001371812792930844,0.13395138888888888,2.332,NA,NA,NA,NA,0.014583333333333334,NO,0.164,18.732242499999998,556.65,16.175,0.378,18.190615,-389.225,15.6,0.605
Wade,2017-08-22 15:30:00,234,summer,13.600000000000001,12.083333333333334,0.32,0.018630136986301372,0,0,5.6000000000000005,6.8,17.2,39,126.80000000000001,19.378707499999997,0.147527388,0.11375856300000001,0.007845418137931034,0.040306651295833336,0.06148018531614583,0.7333574780479042,0.14299611450198935,0.0011730805463831468,269.55573085786693,0.20218567328518564,0.1960893198943212,0.0011391279106271206,0.08964453124989484,1.8339999999999999,NA,NA,NA,NA,1.2125,NO,0.2777,18.87553125,551.059375,16.847916666666666,0.37155208333333334,18.117452291666666,-393.8385416666667,16.266666666666666,0.5923854166666667
Wade,2017-09-03 11:00:00,246,fall,23.6,41,0.12,0.009574036511156186,0,0,1.6,1.6,1.6,17.2,114.80000000000001,24.971800000000002,0.309166491,0.289783128,0.014860673230769231,0.0188383640625,0.02049872549479167,1.153743709257485,0.2247637055399821,0.002183986049430815,227.57706328785963,0.893196052541497,0.2540262797753516,4.2726741377881183e-4,0.08761805555555555,3.1133333333333333,NA,NA,NA,NA,10.020833333333334,NO,0.0066,19.715414833333334,567.679375,12.525,0.3311625,19.555050333333334,NA,12.81625,0.5678375
Wade,2017-09-05 10:45:00,248,fall,18.8,17.75,0.2,0.017570093457943924,1.2000000000000002,24.200000000000003,24.200000000000003,24.200000000000003,25.8,39.4,89.60000000000001,40.697500000000005,2.613908843,2.5613913729999997,0.2696201445263158,0.08195863308333333,0.06862770284375,4.487907235257485,0.6131285052024927,0.01838817411896044,73.73353664919402,20.164354964994253,0.16788046594288847,0.0018449316434545084,0.17491666666666666,11.450666666666667,NA,NA,NA,NA,0.2604166666666667,NO,0.0024,18.75311,546.575,14.05,0.372,17.584105,NA,13.375,0.61375
Wade,2017-09-07 01:00:00,250,fall,20,35.083333333333336,0.16,0.009478672985781991,3.8000000000000003,23.2,33.4,46.400000000000006,48,48,109,60.45230624999999,2.664002623,2.453696267,0.2582838175789474,0.36336164146875,0.31847798468489585,11.190316693958083,NA,NA,NA,NA,0.12877727690955398,0.0033565057906090896,0.5358085106382978,NA,NA,NA,NA,NA,0.59375,MP,4e-4,18.994887916666666,554.6458333333334,13.684375,0.37954166666666667,15.1776278125,NA,13.440625,0.6315729166666667
Wade,2017-09-08 17:30:00,251,fall,4.4,1.9166666666666667,0.36,0.03666666666666667,4.6000000000000005,20.400000000000002,37.6,43.2,66.4,68,120.60000000000001,42.33758499999999,0.467345482,0.097699323,0.032566441,1.2057068425729167,0.8167515133203125,0.7066356204610779,0.0620823878200405,0.0018185264162420367,75.49200565148608,0.34534540650758083,0.07827221583086248,0.002636799084993766,0.3153333333333329,1.314,NA,NA,NA,NA,0.08333333333333333,NO,0.3287,19.138025,572.775,13,0.385,10.7878675,NA,13,0.629
Wade,2017-10-08 11:15:00,281,fall,11.8,3.9166666666666665,1.1199999999999999,0.049166666666666664,0,0,0,6.4,6.4,11.2,18.2,17.01284,0.086029239,0.060678148999999994,0.009708503839999999,0.021599853114583335,0.024522231606770833,0.24594000919760478,0.005777890325032279,5.614388848401114e-4,22.757207582259323,0.11123452127849102,0.04184214556233061,0.0014818504590780525,0.0871875,3.036,NA,NA,NA,NA,29.416666666666668,NO,0.0081,19.313440625,568.4070833333333,12.951458333333333,0.31115,NA,NA,NA,NA
Wade,2017-10-09 10:15:00,282,fall,29.400000000000002,24.25,0.16,0.020136986301369862,11.8,11.8,11.8,11.8,18.2,23,24.6,40.61,2.444759914,2.405875439,0.300734429875,0.053535590041666664,0.030950857705729168,3.6654430276347307,0.11824413937683707,0.024590346890228248,10.63327717747712,13.35290230754921,0.02274718056373668,0.0021731767233326787,0.3837638888888889,14.54,NA,NA,NA,NA,0.13541666666666666,NO,8e-4,19.0787275,563.7,14.7,0.339,NA,NA,NA,NA
Wade,2017-10-24 16:15:00,297,fall,24.2,11.666666666666666,0.6799999999999999,0.03432624113475177,0,0,0,0,0,8,60.4,24.2,2.737527173,2.703758348,0.49159242690909094,0.032620671989583336,0.033163844622395834,3.8737347076886226,0.011225539604579088,0.03754798184926352,0.661108578460348,28.861866621475368,0.007087567693811667,0.0017036088186212612,0.13014583333333332,56.98733333333333,NA,NA,NA,NA,14.145833333333334,NO,0.0931,19.430415479166665,584.6708333333333,11.479583333333334,0.38275625,19.52997784090909,NA,11.232954545454545,0.5849318181818182
Wade,2017-10-26 04:00:00,299,fall,36.4,24.5,0.12,0.02467796610169492,1.8,25.8,25.8,25.8,25.8,33.800000000000004,86.2,59.769999999999996,3.448173297,3.287672619,0.18786700679999999,0.27706869254166666,0.220731199453125,20.00310804199401,NA,NA,NA,NA,0.004010354840701071,0.005810147718180647,0.5771666666666666,30.187333333333335,NA,NA,NA,NA,0.3333333333333333,NO,4e-4,19.06898,600.8,13,0.384,15.1294,-352.375,12.8,0.6275
Wade,2017-10-29 10:00:00,302,fall,23.200000000000003,31.083333333333332,0.2,0.012406417112299466,0,0,33.4,38,62.2,69.8,117.8,55.583053750000005,3.031342897,2.841675886,0.12222261875268817,0.26084401339583335,1.0894369709427083,16.63760611756886,0.7938027767485213,0.07367968358057636,23.824128727493658,25.302521316730743,0.06466793295793617,0.002582991415739905,0.24803333333333333,7.707333333333333,NA,NA,NA,NA,1.1875,NO,8e-4,19.451925161290323,614.771875,9.506451612903225,0.38890322580645165,10.54125193548387,-342.32916666666665,9.94516129032258,0.6277741935483871
Wade,2017-11-01 19:15:00,305,fall,21,17.666666666666668,0.08,0.01971830985915493,0,0.2,20,23.200000000000003,61.2,85.4,141,40.762945,2.846549889,2.6488628619999997,0.1431817763243243,0.29260525961458334,0.94929287965625,12.144394963562874,0.7106988872651469,0.04396885159506725,35.74313802815958,12.951197828613017,0.08180049636316022,0.0018479418932397613,0.27975694444444443,2.461333333333333,NA,NA,NA,NA,1.28125,NO,0.0327,NA,619.440625,NA,NA,5.992372056179775,-379.37395833333335,9.414606741573033,0.6280674157303371
Wade,2017-11-03 07:00:00,307,fall,20.6,6.166666666666667,0.24,0.054933333333333334,15,21,21,31.400000000000002,44.2,106.4,162,48.735865000000004,3.693582806,2.6065562840000003,0.4344260473333334,2.190209126625,1.3371133195286458,18.327481686323353,1.4534729111206812,0.06730430591600563,47.75471500141892,93.54839842810283,0.05896431785854783,0.003653804198922191,1.0167708333333334,62.535333333333334,NA,NA,NA,NA,0.010416666666666666,NO,0.015,NA,589.2,NA,NA,3.843459,-320.8,10.2,0.636
Wade,2017-11-05 18:30:00,309,fall,20.400000000000002,20.833333333333332,0.2,0.016254980079681274,0,0,20.6,41.6,61.6,127,176.20000000000002,55.16655625,3.055094561,2.74592807,0.1356013861728395,0.47951261339583334,1.543542895578125,19.893065424682636,NA,NA,NA,19.983034392272444,0.0990376465008845,0.0019319898806362612,0.41875,3.3633333333333333,NA,NA,NA,NA,0.7083333333333334,MP,0.0509,NA,623.6052083333334,NA,NA,2.791555041666667,-373.490625,8.677083333333334,0.6307916666666666
Wade,2017-11-16 06:00:00,320,fall,6.4,17.583333333333332,0.12,0.0060377358490566035,0,0,0.8,3.6,5.2,61.2,152.6,9.3665175,0.214675539,0.157148013,0.007395200611764706,0.05922972432291667,0.068851248796875,1.1536437985868264,0.1558786511118401,3.1004223738282635e-4,1111.7776574221195,0.5144356837657366,0.15081640762773915,2.2294992796053438e-4,0.2532638888888889,1.2506666666666666,NA,NA,NA,NA,8.260416666666666,NO,0.0067,20.30985775,626.0522916666666,3.305,0.24951666666666666,NA,-390.71979166666665,NA,NA
Wade,2017-11-19 00:00:00,323,fall,16.8,9.416666666666666,0.16,0.02947368421052632,0,2.6,6.4,6.4,10,32,159,22.404525,2.722017703,2.644992905,0.2115994324,0.07870691286458334,0.093405142078125,7.928758871730539,NA,NA,NA,14.387370509649125,0.14002411376003013,2.232184500752065e-4,0.2990277777777778,5.935333333333333,NA,NA,NA,NA,0.9583333333333334,NO,0.0073,19.890247083333332,628.3125,3.0833333333333335,0.2534375,NA,-380.5385416666667,NA,NA
Wade,2017-11-21 13:45:00,325,fall,10.4,27,0.16,0.0064,0,2.6,16.8,16.8,23.2,28.400000000000002,175.8,24.921225,0.309166491,0.130967174,0.004989225676190476,0.235642130625,0.4750030094322917,2.0847425378982036,NA,NA,NA,0.7797116027803832,NA,NA,0.33771527777777777,0.6186666666666667,NA,NA,NA,NA,1.03125,MP,0.0142,19.958018958333334,622.85,2.7458333333333336,0.27390625,NA,-377.87708333333336,NA,NA
Wade,2017-11-25 13:00:00,329,fall,4.4,11.333333333333334,0.08,0.006423357664233577,1.2000000000000002,1.4000000000000001,2.8000000000000003,11.8,28.6,38.6,149,14.25138125,0.671882001,0.581986017,0.0363741260625,0.114105426,0.17163631751041666,3.165326557329341,0.4806426290131809,0.0010000568745938052,1062.795610978109,1.8335052416067665,0.16291359071309822,2.1989475687251558e-4,0.29804166666666665,1.89,NA,NA,NA,NA,2.21875,NO,0.0241,19.942318958333335,NA,2.2270833333333333,0.2674479166666667,18.2380253125,-338.403125,3.1635416666666667,0.6308958333333333
Wade,2017-11-27 23:30:00,331,fall,NA,NA,NA,NA,NA,NA,NA,NA,NA,NA,NA,NA,0.534843687,0.37768163299999996,0.03284188113043478,0.20457586003125,0.21457579354427084,1.1457095673772455,0.20239309402972694,1.8274067599667064e-4,2449.134453549505,0.3814826321457485,0.16548244877721607,1.9261211681769686e-4,0.3542430555555556,0.4826666666666667,NA,NA,NA,NA,0.3958333333333333,NO,2e-4,20.17561,NA,2.6,0.2675,17.085915,NA,3.2,0.6335
Wade,2017-11-28 22:45:00,332,fall,12.8,17.583333333333332,0.12,0.012075471698113207,0,0,4,4.4,7.4,39.4,126.60000000000001,16.555302500000003,1.256115335,1.1147045420000001,0.06966903387500001,0.2587353566875,0.24921636928385416,4.317157985443114,0.6818563129750962,0.001725145240419788,874.0159673889531,4.02438278304503,0.17615498960586995,1.614508915026533e-4,0.3407986111111111,3.2873333333333337,NA,NA,NA,NA,0.21875,NO,0.0058,19.963905,NA,2.5,0.265,15.6042875,NA,3.1,0.6335
Wade,2017-11-30 21:00:00,334,fall,5.6000000000000005,2.4166666666666665,0.12,0.037333333333333336,0,12.8,12.8,12.8,18.6,48.6,119.4,17.152,0.62296082,0.38995605,0.062392968,0.36230861865625,0.351683743046875,2.6962474181497007,0.4558097719033572,6.616032881721907e-4,1523.4848574957473,1.345513035556491,0.1713332683884796,2.585824187601535e-4,0.40094444444444444,1.8666666666666667,NA,NA,NA,NA,0.3541666666666667,NO,0.0198,20.017325,583.9,1.9,0.272,13.322185000000001,NA,2.8,0.6285000000000001
Wade,2017-12-05 13:00:00,339,winter,9.200000000000001,15.25,0.12,0.01,0,0,0,0,18.400000000000002,34.6,83.4,9.200000000000001,2.660143121,2.5682541039999998,0.16051588149999999,0.09669303882291666,0.17221371130729166,7.818403374377246,1.6834575874113271,0.0036931717533974567,1007.9867873967504,12.789121981270096,0.18696534206823592,1.6342091472322027e-4,0.29904166666666665,6.5953333333333335,NA,NA,NA,NA,3.4270833333333335,NO,0.0132,20.195966180555555,594.6479166666667,2.0861111111111112,0.2712847222222222,11.706389166666666,-256.2048611111111,2.7006944444444443,0.6325069444444444
Wade,2018-04-04 06:00:00,94,spring,17.6,17.25,0.08,0.016923076923076923,0,0,1.4000000000000001,1.4000000000000001,22.8,33,37.2,18.800325,2.664002623,2.643135818,0.27822482294736844,0.014652497593750001,0.05259221490104167,5.828276345982036,NA,NA,NA,NA,NA,NA,NA,NA,0.034,0.023000000000000003,0.010447888328125,NA,NA,NO,0.0031,18.6432625,624.5958333333333,0.5,0.278625,7.418527666666667,-234.90208333333334,1.6,0.6360416666666667
Wade,2018-04-05 22:00:00,95,spring,NA,NA,NA,NA,NA,NA,NA,NA,NA,NA,NA,NA,0.138441199,0.09475630099999999,0.008239678347826086,0.22962047327083335,0.31165907234635415,0.32328029430538924,NA,NA,NA,NA,NA,NA,NA,NA,-0.097,0.010000479999999992,-0.033573207515625,NA,0.7083333333333334,NO,0.0213,18.582286041666666,641.8322916666667,0.5041666666666667,0.2819583333333333,6.730153375,-249.43125,1.43125,0.6357083333333333
Wade,2018-04-12 12:45:00,102,spring,20.6,19.25,0.27999999999999997,0.017758620689655173,0,0,0,0,2,38.6,54.800000000000004,20.6,1.475215574,1.471987593,0.09496694148387096,0.0042505888125,0.007505199742187501,3.514023677586826,1.0264145368317923,0.008531343820260051,266.0464785202951,24.452610684873484,0.35464921521360987,0.0017308997908681634,0.3091985018726592,40.752,0.05,0.0454995205,0.009708290869791667,-0.08694944745163691,5.802083333333333,NO,0.0623,18.999267645833335,624.5222916666667,0.5016666666666667,0.2658041666666667,4.8549472625,-248.03729166666668,1.5447916666666668,0.6307854166666667
Wade,2018-04-13 15:30:00,103,spring,11.8,9.583333333333334,0.08,0.0203448275862069,20,20.6,20.6,20.6,22.6,41.6,74,31.3415,2.675587258,2.378553471,0.221260788,0.6786622616145833,0.17450822053645834,6.627277299556886,2.260986740768238,0.016646653487084856,300.34696059999897,24.61086026335908,0.3064300382961259,0.0021333728321652726,4.936729166666667,8.716666666666667,0.031,0.019,0.020270815838541668,-0.06781624081473214,0.010416666666666666,NO,0.0524,18.84344,610.6,0.5,0.272,9.0875865,-231.45,1.5,0.636
Wade,2018-04-16 13:45:00,106,spring,17,32.083333333333336,0.12,0.008808290155440416,3,3,14.8,35.4,35.4,55,88.8,46.745853749999995,0.185770786,0.162196435,0.017073308947368422,0.0325280025625,0.5036668142213542,0.8477660577125748,0.2812024142416483,0.001837769485886511,338.3609020216583,0.8948057104175569,0.40432908364899606,0.0018197951885625685,0.7738505747126436,2.0886666666666667,0.032498881,0.0194984015,0.012437550786458333,-0.014068432757440475,1.3958333333333333,MP,0.0771,18.969679270833332,628.675,0.5,0.2742291666666667,7.17896790625,-240.48229166666667,1.5770833333333334,0.6338854166666666
Wade,2018-04-22 10:45:00,112,spring,NA,NA,NA,NA,NA,NA,NA,NA,NA,NA,NA,NA,0.129874686,0.11956260899999999,0.012925687459459458,0.02044600653125,0.019777415231770835,0.26473284468862274,0.06745677047512737,5.586017078844615e-4,267.0394663657781,0.3188124546314371,0.2917924409996541,0.001964872169358414,0.8661319444444444,1.7993333333333335,0.04,0.036500239500000004,0.02729170496875,0.017404040304315475,4.239583333333333,NO,0.0044,18.776499166666667,622.8466145833333,0.5,0.2735885416666667,4.937188388020833,-236.95572916666666,1.5419270833333334,0.635
Wade,2018-04-23 10:45:00,113,spring,NA,NA,NA,NA,NA,NA,NA,NA,NA,NA,NA,NA,0.514692921,0.49223834099999997,0.05966525345454545,0.05116942715625,0.02560431965625,0.9807885442994012,0.24945882511589662,0.002110379136680872,261.3909536375848,1.1812112407674618,0.26338413503327973,0.0020864590628786274,1.0479097222222222,2.3226666666666667,0.018,0.015500239499999999,0.025390694901041667,0.019221011367559524,0.010416666666666666,NO,0.0057,19.120915,600.2,0.5,0.277,4.7497965,-238.15,1.7,0.635
Wade,2018-04-24 10:15:00,114,spring,NA,NA,NA,NA,NA,NA,NA,NA,NA,NA,NA,NA,2.667863146,2.589110368,0.2958983277714286,0.19003036510416665,0.06857718977864584,7.41770132691018,2.2828194679004308,0.012338220005147012,409.1393237108826,20.51472748175594,0.263091211223738,0.0019684338024174197,0.9710907738116094,6.717333333333333,0.0219995205,0.016999041,0.012317730005208333,0.018617590889880953,0.010416666666666666,NO,0.0157,19.153907500000003,609.3,0.5,0.281,4.45856375,-225.525,1.7,0.635
Wade,2018-04-25 10:00:00,115,spring,24.6,40,0.12,0.010228690228690229,0,0,0,7,11.8,64.2,106.60000000000001,30.30154375,3.318759674,2.493435708,0.2557369956923077,1.43454785275,0.42381288778125,28.883700701407186,NA,NA,NA,191.62645092350027,0.3143903581852912,0.0015515740783718314,2.079451388888889,41.49066666666667,0.029999041,0.01400048,0.010364612463541667,0.01815925339136905,0.010416666666666666,MP,0.0045,19.233365,630,0.5,0.285,4.095482499999999,-234.575,1.6,0.636
Wade,2018-04-27 13:00:00,117,spring,1.8,9.25,0.04,0.0032142857142857147,3.8000000000000003,23.400000000000002,24.6,24.6,31.6,68.2,127.4,24.12785,2.521882533,1.288157614,0.21469293566666667,2.6252616261145834,1.800976649528646,5.932467828377246,NA,NA,NA,5.1777288035622755,NA,NA,3.4479375,1.1433333333333333,0.0074997605,0.0019282244999999998,0.016354185119791666,0.01944782314955357,0.010416666666666666,NO,0.1832,19.2216775,612.45,0.5,0.294,2.3132535,-237.525,3.2,0.6355
Wade,2018-04-28 11:30:00,118,spring,23,26.5,0.12,0.014420062695924765,2,4.6000000000000005,23.400000000000002,26.6,26.6,58.400000000000006,129.4,45.97157,2.901360286,2.229478285,0.07250335886178862,1.3831808201458333,2.0793800733255208,17.84704224723952,NA,NA,NA,28.947576102874454,NA,NA,0.8364652777777778,4.066,0.0235002395,0.0265016785,0.00497842803125,0.016661469619791668,0.21875,MP,0.0277,19.25307,612.45,0.725,0.294,2.93504625,-244.325,4.1,0.6365000000000001
Wade,2018-04-30 08:45:00,120,spring,12,2.3333333333333335,0.16,0.08275862068965517,19,23,25,37.2,49.6,78.4,134.8,45.31172625000001,1.640356564,1.0054841749999999,0.2872811928571428,2.0671510182291666,1.97742068840625,3.862067064520958,NA,NA,NA,3.681116300714551,NA,NA,1.7931319444444445,1.9506666666666668,0.0245002395,0.0060004789999999995,0.016723976661458334,0.012370545816220237,0.020833333333333332,NO,5e-4,19.498465,628.1999999999999,2.2,0.299,2.4034985,-255.4,4.15,0.641
Wade,2018-05-01 12:30:00,121,spring,0.6000000000000001,0.5833333333333334,0.04,0.015000000000000003,12,31,35,37,61.6,78.60000000000001,146.8,34.2060125,1.449235279,1.211427539,0.19382840624,0.78030659446875,1.4300395933515624,3.7863647656167663,NA,NA,NA,2.5186508204348264,NA,NA,0.7160694444444444,1.0366666666666666,0.018000959,0.013001012,0.008052050020833333,0.012074404630952381,0.4270833333333333,NO,0.0331,19.33952,613.95,3.8,0.294,2.027373,-255.15,5,0.641
Wade,2018-05-02 09:30:00,122,spring,6.4,3.8333333333333335,0.24,0.02723404255319149,0,0.6000000000000001,21.8,35.6,60.6,73,146,36.35803625,2.987892773,2.432171287,0.18016083607407407,0.7728910198125,1.2934621119296874,11.726754375610778,NA,NA,NA,55.144498364123535,NA,NA,0.6237569444444444,11.068666666666667,0.016,0.01300048,0.010250004166666667,0.011935268442708334,0.010416666666666666,NO,0.002,19.204832500000002,608.375,5.175,0.289,2.5777985,-255.9,6.425000000000001,0.64275
Wade,2018-05-03 10:00:00,123,spring,14.4,14.5,0.16,0.016457142857142858,6.4,7,19,38,56.2,78.8,152.4,46.78561875,3.214367892,2.0871651169999996,0.17393042641666664,2.2548267758958334,1.4831298148984375,13.845554258658682,NA,NA,NA,88.85994234546305,NA,NA,4.009548611111111,44.37533333333334,0.019,0.006999040999999999,0.0040886274375,0.009965792350446428,0.010416666666666666,NO,0.01,18.9028725,596.625,8.2,0.288,2.35243975,-253.125,8.4,0.644
Wade,2018-05-04 15:15:00,124,spring,9.4,2.8333333333333335,0.44000000000000006,0.053714285714285714,6.4,20.8,20.8,21.400000000000002,58.400000000000006,90,149.8,28.964703749999998,3.039256073,2.2440393039999997,0.34523681599999995,2.2356497861354168,1.5811537102265625,7.147397784664671,NA,NA,NA,45.07200859245586,NA,NA,5.742180555555556,28.685333333333332,0.026,0.0264997605,0.009921889161458333,0.008894361415178572,0.010416666666666666,NO,0.1269,18.5923075,588.8,9.649999999999999,0.2925,1.079716,-257.6,8.825000000000001,0.644
Wade,2018-05-20 07:15:00,140,spring,8.8,6.166666666666667,0.12,0.02346666666666667,3.2,3.2,3.2,3.2,15,15.200000000000001,114.80000000000001,11.84,0.067371502,0.060595988,0.011542092952380952,0.006159875838541667,0.007301319999069941,0.12017648966766467,0.017787981651578744,2.550536693007592e-4,154.22233075950007,0.060950649664473056,0.18245128744647995,0.0014524180418846386,0.12677083333333333,1.8599999999999999,0.033,0.017501199000000002,0.015489568354166667,0.011852540438244047,14.739583333333334,NO,8e-4,18.9339459375,590.47,10.419791666666667,0.27772291666666665,11.207351416666667,-286.27416666666664,10.100416666666666,0.6493875
Wade,2018-06-14 07:30:00,165,summer,29,34.333333333333336,0.4,0.014043583535108959,0,0,0,0,3.8000000000000003,17.8,55.800000000000004,29,0.082316726,0.07870454,0.010493938666666668,0.001907395494791667,0.0012273467070312509,0.19784032859281436,NA,NA,NA,NA,0.2539180320282494,0.0012654141715793944,0.3664954954954955,3.479333333333333,0.017499201,0.009499200999999999,-0.01008343084375,0.0069791356116071426,24.194444444444443,NO,8e-4,18.583432208333335,590.1675,11.937916666666666,0.22677083333333334,20.27583735416667,-355.5420833333333,11.616875,0.61324375
Wade,2018-06-18 12:45:00,169,summer,24.400000000000002,19.916666666666668,0.27999999999999997,0.020333333333333335,0,0,0.4,19.8,29,44,73,40.54437125,0.038884475,0.037475919,0.0030592586938775514,0.0013284099739583337,0.010786126713107639,0.09031495664371257,0.014718132590942488,4.848378972603463e-4,67.12871245067562,0.07141249837203592,0.19041849023427432,0.004328783522653732,0.10224305555555555,6.366,0.009,0.03,-0.023119774177083333,-0.005073256634672619,2.9756944444444446,NO,0.0365,18.264073680555555,586.5958333333333,13.636111111111111,0.24555902777777777,16.86258,-350.00590277777775,12.771180555555555,0.6420729166666667
Wade,2018-07-25 22:15:00,206,summer,38.800000000000004,20.75,0.44000000000000006,0.03104,0,5.2,5.800000000000001,8.4,8.4,20,54.6,46.125141250000006,0.037104686,0.036200975499999996,0.01113876169230769,3.8236199479166696e-4,3.9870391536458424e-4,0.06824481952095808,0.021802321261459316,2.932164423685388e-4,164.42451898885108,0.14739800372448503,0.42998241497931394,0.0020506149130280404,0.01819444444444444,10.985999999999999,-0.008,0.060499280999999995,-0.23779156921875,-0.23889254815550595,35.99652777777778,NO,0.0251,17.752109770833332,553.3197916666667,17.773541666666667,0.12899583333333334,20.058225791666665,-371.4458333333333,16.468333333333334,0.5356645833333333
Wade,2018-07-27 20:45:00,208,summer,10,1.5,0.24,0.10526315789473684,0.6000000000000001,38.800000000000004,39.4,39.800000000000004,47.800000000000004,59.400000000000006,94,45.88572750000001,0.064410944,0.063464483,0.013360943789473684,0.0016487758802083336,0.003809435726562501,0.053590625299401194,0.014030790898763225,2.410539720408228e-4,128.712292507794,0.10642706912117963,0.2893157490309285,0.0029097130929182694,0.08186805555555556,7.9559999999999995,0.003,0.0284997605,-0.021604175807291667,-0.1807551443296131,0.7951388888888888,NO,0.0677,17.40542125,561.85,18.532291666666666,0.21851041666666668,14.294186354166667,-324.7125,17.511458333333334,0.6323541666666667
Wade,2018-08-17 23:45:00,229,summer,31.6,13.75,0.5599999999999999,0.038072289156626506,2.4,2.4,12.200000000000001,12.200000000000001,12.200000000000001,64.8,123.4,42.282275,2.772501457,2.771625836,0.692906459,6.212695625000003e-4,7.876157786458343e-4,1.567662920784431,0.2560245808704009,0.010348832571168875,54.70694566770411,51.46672630193382,0.29862227768037025,0.0026703982986785594,0.1353472222222222,108.71266666666666,0.015,0.022,-0.008734365854166667,-0.013650761889136904,20.43402777777778,NO,0.0011,17.422117229166666,559.3416666666667,18.131458333333335,0.19648958333333333,17.3548504375,-348.60020833333334,17.441458333333333,0.5895166666666667
Wade,2018-09-03 14:45:00,246,fall,51.8,5.916666666666667,0.76,0.1438888888888889,0,0,0,0,8.200000000000001,17.400000000000002,112.8,51.8,3.0353313445000003,3.0349517140000004,0.6744337142222223,4.3878643229166707e-4,5.998918541666677e-4,2.9399847985508982,0.5354531070728092,0.016685433426327608,70.96367787595725,136.56720999577178,0.30732093345930356,0.0027719484385965447,0.7973611111111111,127.91400000000002,0.0135002395,0.23849976,-0.21294261341145834,-0.11353505592410715,15.48263888888889,NO,0.1824,17.499901645833333,563.0522916666666,17.411041666666666,0.16696458333333333,17.626737479166668,-364.633125,16.998333333333335,0.5718458333333333
Wade,2018-09-11 01:15:00,254,fall,13.200000000000001,24.416666666666668,0.04,0.008979591836734694,0,0,0,0,53.2,61.4,114.4,13.200000000000001,0.062976195,0.0620586415,0.011820693619047619,8.814895000000003e-4,0.0012844648541666674,0.0823138719251497,0.013927735906677377,3.9878775397339777e-4,77.2308607464208,0.17186251034135927,0.21687850293974867,0.0025670688792463234,0.23352777777777778,8.11,9.99041e-4,0.0209985615,-0.03308752086458333,-0.019196550506696428,6.871527777777778,NO,4e-4,17.789620625,583.5179166666667,15.210833333333333,0.22291875,18.292505479166667,-358.1691666666667,15.224166666666667,0.5749833333333333
Wade,2018-09-26 14:00:00,269,fall,NA,NA,NA,NA,NA,NA,NA,NA,NA,NA,NA,NA,3.501040443,3.498815756,0.7775146124444444,0.001882183979166667,0.0014830913736979174,3.8668710113892217,0.4052811223034383,0.02756784111232669,32.50916265360617,133.98669330525118,0.14234266594020056,0.0026377763643213223,0.08479166666666667,128.84733333333335,0.024000479499999998,0.09599472449999999,-0.12698464925520833,-0.1266127088950893,14.57638888888889,NO,0.0923,18.0277296875,574.635,12.446666666666667,0.19558125,19.713171895833334,-381.7652083333333,12.677916666666667,0.5743416666666666
Wade,2018-10-02 03:00:00,275,fall,25.200000000000003,28.416666666666668,0.16,0.01473684210526316,4.6000000000000005,4.6000000000000005,5.6000000000000005,8.8,9.6,17.8,86.8,33.033795000000005,2.7744276645,2.6902736025,0.2502580095348837,0.09037039797916667,0.10682501455989583,11.848827071856288,1.2162407722495765,0.07560397314639389,35.573541598292785,16.00083357473136,0.12239309937863042,0.003829133950364601,0.12001388888888888,4.866,0.038,0.016,0.0170312466875,-0.018937319925595237,4.645833333333333,NO,4e-4,17.911531458333332,574.5733333333334,12.612291666666666,0.24326458333333334,15.716697190775681,-348.52916666666664,12.647379454926625,0.6064046121593292
Wade,2018-10-06 22:45:00,279,fall,8.200000000000001,19.833333333333332,0.08,0.006861924686192469,0,0,1.4000000000000001,2.6,31.400000000000002,36.800000000000004,60.400000000000006,10.3777325,0.315403112,0.22648363449999998,0.02013187862222222,0.11597099122916667,0.41170174286067707,2.0019773210658682,0.12138756272488037,0.00918537452467975,29.223315578277113,0.3873933752974132,0.09821635607813126,0.0038059089885476467,0.1584236111111111,0.3746666666666667,0.0215002395,0.023500719,0.00437932640625,0.014462406813988096,3.3506944444444446,NO,5e-4,17.920051145833334,589.2579861111111,10.828125,0.25123958333333335,NA,-292.87118055555555,NA,NA
Wade,2018-10-11 07:15:00,284,fall,20.2,12.666666666666666,0.44000000000000006,0.026405228758169936,0,0.6000000000000001,0.6000000000000001,4.2,10,44.6,64.60000000000001,23.673722499999997,2.819219394,2.714465966,0.18403159091525426,0.10920378558854167,0.15295479438020834,10.49335631571557,NA,NA,NA,NA,0.008051917194605017,0.005157166847341613,0.11125490196078426,4.199333333333334,0.025,0.0434997605,-0.015521194723958333,0.0018518220877976191,2.392361111111111,NO,0.0014,17.343632916666667,566.4515625,14.558333333333334,0.24881770833333333,17.71059208955224,-251.0109375,14.72089552238806,0.5992388059701492
Wade,2018-10-15 18:30:00,288,fall,3.8000000000000003,6,0.08,0.010410958904109589,0,0,0.6000000000000001,10.200000000000001,21.400000000000002,56.400000000000006,74.4,12.133684999999998,0.291133891,0.161259205,0.015358019523809522,0.17016180665104166,0.6352929968242188,1.5531923618083832,0.0425212187412259,0.007925047782840427,11.864678641567789,0.2976736539556886,0.03597879598609922,0.004414483651674342,0.15829166666666666,0.2986666666666667,0.022500239499999998,0.0624872895,0.0070781258177083336,0.0036834491138392858,2.9166666666666665,NO,0.0118,17.892862673611113,611.6965277777778,10.484375,0.25650347222222225,10.524573565217391,-368.76180555555555,10.938695652173912,0.6090782608695652
Wade,2018-10-23 11:45:00,296,fall,10.4,24.666666666666668,0.12,0.007003367003367003,1,1,1,1,2.4000000000000004,27.6,72.4,11.35,0.2853957935,0.2092174345,0.009731043465116279,0.101905996203125,0.11560860250390625,2.7190355736556886,0.16968598833189882,0.009551062396787938,39.286782758955674,NA,0.061185221325039355,0.00307281693679207,0.1633611111111111,0.5913333333333333,0.037,0.019,0.021359879567708333,0.01250479115625,6.315972222222222,NO,0.0036,18.451376354166666,614.2452083333334,7.1975,0.24948958333333332,18.973981574344023,-360.733125,7.374344023323615,0.5928221574344023
Wade,2018-10-27 14:45:00,300,fall,18.2,54.5,0.12,0.005557251908396947,0.2,0.2,1.2000000000000002,10.6,11.600000000000001,16.8,82.2,26.90373375,0.92222833,0.8163042220000001,0.013835664779661019,0.12050489686458334,0.1681197980390625,8.774868246359281,0.6489714221731238,0.03819369861027692,37.57387804760611,2.8308681512862575,0.08689419484883855,0.003173132566371705,0.1559375,0.656,0.037,0.011999999999999997,0.025744922421875,0.021847042129464287,1.3159722222222223,MP,0.0483,18.7413546875,625.921875,4.522916666666667,0.2530625,14.295978333333334,-363.5885416666667,4.786111111111111,0.609375
Wade,2018-10-31 13:00:00,304,fall,8.4,14.416666666666666,0.12,0.009655172413793104,0,2.2,4.2,18.2,20,31.200000000000003,91.60000000000001,23.5033375,2.167931258,1.8993303789999998,0.1117253164117647,0.36681767807291665,0.4583427948567708,6.969937878,0.993878362014827,0.03272801298595773,67.15305303115677,4.377021587547287,0.11054639609821963,0.003820858603830767,0.2339236111111111,1.1079999999999999,0.035,0.005000480000000005,0.028542042203125,0.02738350259002976,0.4375,NO,0.0168,18.64649,621.875,5,0.26,14.60337,-314.82500000000005,5.4,0.6174999999999999
Wade,2018-11-01 15:30:00,305,fall,25,21.666666666666668,0.08,0.019157088122605366,8.4,8.4,10.4,12.200000000000001,26.8,38.4,84.2,36.160861249999996,3.298636089,2.108589439,0.172129750122449,1.317575059546875,0.7143845405625,19.951188551973054,3.353048897824532,0.1087861376999497,68.15825989219299,63.36672983586242,0.13656550684313323,0.004453874808664533,0.5973125,13.867333333333333,0.037500719,0.012499760000000002,0.026494082250000002,0.02694806691294643,0.006944444444444444,NO,0.0619,18.326615,596.5,6.05,0.276,12.831675,-249.6,6.5,0.6265000000000001
Wade,2018-11-03 01:30:00,307,fall,29,40.916666666666664,0.16,0.011788617886178862,20,27.200000000000003,33.4,34.6,51.6,63.2,99.4,60.791132499999996,3.701824901,1.122495078,0.08634577523076924,2.9819053591302085,1.4758622775039063,28.916578401332334,4.332659104185393,0.14349294244744398,66.76919557698743,72.09210699303345,0.17690780462164343,0.0056576140809026666,3.332451388888889,28.686,0.042998561,0.014998560999999997,0.028291122119791668,0.027392177099702382,0.006944444444444444,MP,4e-4,18.125345000000003,596.5,7,0.285,10.441975,-253.55,7.45,0.634
Wade,2018-11-05 16:30:00,309,fall,9.4,47.333333333333336,0.12,0.0033040421792618633,1.6,20.400000000000002,32,54,64.60000000000001,92.2,127,55.751687499999996,3.106681314,2.422026304,0.09498142368627452,1.19015751940625,2.4091560934570313,23.455697271547905,3.401807279782104,0.10616480301019235,70.85676382195038,23.96151329539396,0.15837996766297124,0.003750085478690363,0.7166944444444444,3.6833333333333336,0.034,0.0010000000000000009,0.033822783411458335,0.030067487437500002,0.3194444444444444,NO,0.0225,18.88798,619.075,4.4,0.277,7.245217,-275.77500000000003,5,0.6275
Wade,2018-11-09 17:15:00,313,fall,17,21.583333333333332,0.08,0.013076923076923078,0,0,7.800000000000001,8.6,38.4,90,127.60000000000001,24.33913,2.282817198,1.923939738,0.10542135550684932,0.46551953621875,1.2771115176315104,9.005615140634731,1.0344531940489057,0.034771542228988955,65.78684466254717,6.881699970974173,0.14323928247431597,0.0038340993745306774,0.7020694444444444,2.707333333333333,0.043999041,0.020999041000000003,0.022828635432291668,0.028495241671130954,1.2256944444444444,MP,0.0251,18.763364166666666,626.3177083333334,5.9,0.27208333333333334,4.976990875,-331.56145833333335,6.471875,0.62246875
Wade,2019-04-03 10:30:00,93,spring,NA,NA,NA,NA,NA,NA,NA,NA,NA,NA,NA,NA,2.50054601321007,1.4981853477343898,0.18727316846679873,1.7881871787469437,0.7171385183234547,12.370277292482529,NA,NA,NA,1.341249351956558,0.3688308127991672,0.0013832356934524934,0.07809629629629629,0.44333333333333336,0.025499281,4.992809999999973e-4,0.0195573,0.017166782648648647,NA,NO,0.3394,18.129834583333334,557.6645833333333,0.7,0.2990833333333333,3.3546323333333334,-260.3,1.5,0.6440416666666667
Wade,2019-04-05 00:45:00,95,spring,NA,NA,NA,NA,NA,NA,NA,NA,NA,NA,NA,NA,2.29840347220132,1.4484042109170447,0.16553190981909083,1.443145853347626,1.1884394285575148,4.756549474440659,1.5629040041247548,0.007923842362111907,436.1628200651615,0.3868823324706237,0.3198023953058342,0.0017190909416285435,0.030798611111111103,0.32466666666666666,0.02099952,0.01299984,0.012869820796875,0.016723340034979425,0.2048611111111111,MP,2e-4,18.39689,593.15,0.7,0.301,3.18840325,-280.925,1.6,0.64575
Wade,2019-04-06 12:30:00,96,spring,0.8,2.9166666666666665,0.04,0.0044444444444444444,2.8000000000000003,2.8000000000000003,2.8000000000000003,4.6000000000000005,17.2,30.200000000000003,49,4.92611125,1.41077027797576,0.40840961250008,0.05445461500001067,1.0543376517412442,1.4984002031226749,6.044358280420615,1.796748146496488,0.011458484255313124,346.7465897994275,0.1276025787433945,0.3239323353887371,0.0014163317937862705,0.032381944444444435,0.12333333333333334,0.02,4.800000000006188e-7,0.016932262546875,0.015931699813990462,0.8333333333333334,NO,0.0206,18.261671666666665,580.55,0.7041666666666666,0.2947916666666667,2.9545451666666667,-276.44895833333334,1.6,0.6456875
Wade,2019-04-07 12:15:00,97,spring,14.8,41.833333333333336,0.08,0.005884691848906561,0,3.6,3.6,3.6,7,22,48.6,18.049,3.02399543779714,1.9163413113213301,0.054752608894895145,1.2486912092677318,1.3748083745833573,49.60574995003446,14.296734259140415,0.10759380556283556,293.83379312276685,31.60808565871197,0.29734495764705726,0.0018561653127472228,0.02010416666666666,4.448,0.031500718999999996,0.012000958499999999,0.016833280895833334,0.01626934534300595,0.07291666666666667,MP,0.28,18.30974,569.025,0.775,0.299,2.5421675,-274.575,1.6,0.64575
Wade,2019-04-11 06:15:00,101,spring,NA,NA,NA,NA,NA,NA,NA,NA,NA,NA,NA,NA,1.727749807265565,0.47024290029686,0.188097160118744,2.1734668311096788,2.4703257647450476,1.3137249902053978,0.42361664061794113,0.0026091239846909643,359.0297693558832,0.06177884743063686,0.31323503975840244,0.0019735150871999533,0.07525694444444443,0.14733333333333334,0.019,0.006500239500000001,0.020281211703125,0.017652859430059523,0.010416666666666666,NO,0.01,18.207102499999998,590.2,0.8,0.302,1.964718,-290.475,1.6,0.644
Wade,2019-04-11 11:45:00,101,spring,5.8,0.5,0.32,0.16571428571428573,0,4.800000000000001,11.600000000000001,14.8,18.400000000000002,35,59,18.56857,1.83673222279889,0.8159507963820201,0.09066119959800223,1.89478630317309,2.48071678590985,7.319665076183058,NA,NA,NA,NA,0.3167148576615783,0.0019127397552096915,0.05749305555555555,0.196,0.0299998405,0.0050003200000000025,0.019171870005208334,0.01782622835639881,0.059027777777777776,NO,0.4828,18.309625,585.975,0.8,0.301,1.95065675,-279.1,1.6,0.644
Wade,2019-04-12 13:30:00,102,spring,1.8,0.9166666666666666,0.2,0.03,0,5.8,5.8,10.6,23.6,38.6,63.800000000000004,10.94413,4.25237091914666,3.09361843377075,0.11048637263466965,1.4959354192997223,2.2233654390042004,35.95157767483957,NA,NA,NA,NA,0.3040549214250917,0.0014306641599059948,0.04755555555555529,15.264666666666667,0.04,0.013000000000000001,0.02357815165625,0.019890219427083335,0.1388888888888889,MP,0.3319,18.308095,557.5,0.8,0.2975,2.209929,-262.125,1.6,0.644
Wade,2019-04-14 17:00:00,104,spring,16.2,45.416666666666664,0.24,0.0059340659340659345,0,1.8,1.8,7.6000000000000005,22.400000000000002,30.400000000000002,55.6,22.54863625,4.00377802951008,1.0191951610532102,0.07279965436094359,3.420020009167235,2.476575731466996,44.022632391990925,17.56160387312385,0.08142445877931107,476.93748982445715,97.25339748449028,0.4203455615001795,0.0012403510753338045,0.6055649447261631,15.739333333333335,0.041,0.008999520000000004,0.03102084747916667,0.024686367261160715,0.020833333333333332,NO,0.006,18.147465,581.75,0.7,0.3185,2.4238065,-279.625,1.7,0.616
Wade,2019-04-17 11:00:00,107,spring,NA,NA,NA,NA,NA,NA,NA,NA,NA,NA,NA,NA,2.79684281774697,1.05398672130368,0.10539867213036799,2.633937988599249,3.2170053932152567,14.713881541173198,4.909249678330446,0.02146386468479903,505.77733525132,2.5399440016449373,0.4040847956438531,0.0012299392408946436,0.20052777777777778,0.486,0.021998561,0.0016139649999999985,0.026536459505208332,0.02893528253422619,0,NO,0.6152,18.321525,583.55,0.7,0.305,2.254203,-280.575,1.7,0.637
Wade,2019-04-18 14:30:00,108,spring,28.400000000000002,54.25,0.27999999999999997,0.00871165644171779,0,2.6,6.2,16.2,23.8,42.2,71.4,41.978112499999995,5.41669423932204,2.86654672294166,0.0690734150106424,2.6530376905264665,2.9429939139289214,68.94885896340818,27.716103904755688,0.11908273925059859,514.677911555402,918.6123464620115,0.32845804852761556,0.0015423134024478426,0.17746527777777776,306.85866666666664,0.026998082,0.009997602000000001,0.016932284177083333,0.028519359773809524,0.04861111111111111,MP,0.0748,18.234675000000003,575.15,0.8,0.309,2.9054575,-280.45,1.7,0.637
Wade,2019-04-22 11:45:00,112,spring,NA,NA,NA,NA,NA,NA,NA,NA,NA,NA,NA,NA,3.3690191433021903,0.42177630507926533,0.06025375786846648,3.349015516604154,3.5967998374447254,15.460578100847115,6.305080403123887,0.03259846990477343,427.70623239011945,10.966857038597011,0.410305145509397,0.0020716001033867664,1.4985694444444444,1.6406666666666667,0.01,0.0104997605,0.0049479083229166665,0.01932142954761905,0.2604166666666667,NO,0.7454,17.9203275,549.825,5.1,0.3,2.65032275,-275.9,6.1,0.6405000000000001
Wade,2019-04-23 10:45:00,113,spring,12,32.916666666666664,0.12,0.006060606060606061,0,0,0,26,28.400000000000002,52.2,89,33.177162499999994,3.53720117468468,0.74424437987303,0.040780513965645485,3.111848562031926,3.6207543343850563,35.016717979308766,12.702650152966708,0.0814378903602789,344.9212789816495,42.566037647218515,0.40771660734805876,0.002060113851096916,0.6910486111111112,75.126,0.021,0.021000479500000002,0.0021718316979166667,0.015024549078869048,0.003472222222222222,MP,0.4333,17.845667499999998,561.025,5.825,0.29325,2.99979075,-274.70000000000005,7,0.6425000000000001
Wade,2019-04-26 09:45:00,116,spring,31.400000000000002,47.916666666666664,0.12,0.010902777777777779,0.4,5.2,12,12,38.4,58.400000000000006,99.2,41.94215,3.93904964432269,1.3199392016871703,0.05387506945661919,2.7274411350938763,3.008754533213848,47.59913232572056,13.141175362480082,0.09998188965950013,290.64645849361034,52.79785476214841,0.3279246347965571,0.0017690056287548135,0.07966351010103716,12.832666666666666,0.033998561,0.010998560999999997,0.020950956697916665,0.01034777177232143,0.7604166666666666,MP,0.0804,17.920932604166666,570.4791666666666,5.739583333333333,0.29472916666666665,2.7776245625,-298.603125,6.488541666666666,0.6375520833333334
Wade,2019-04-30 17:15:00,120,spring,NA,NA,NA,NA,NA,NA,NA,NA,NA,NA,NA,NA,1.74285609644329,0.48534918947458494,0.14933821214602613,2.0629411312368555,2.726862092182626,6.1200253444882655,1.5405190685931465,0.009517725572993291,357.9200811691226,8.306408215949065e-4,0.25498765801003115,0.0014309034239264982,0.004374999999999991,0.008666666666666668,0.0199993605,0.0074992010000000005,0.01830731165625,0.018437794874255953,1.2118055555555556,NO,0.0342,18.2379771875,578.2677083333333,4.2125,0.2923645833333333,3.52979309375,-305.640625,4.710416666666666,0.644
Wade,2019-05-01 15:45:00,121,spring,9.8,11,0.12,0.01473684210526316,0,0,0,1.6,33,71.8,115.80000000000001,11.10321,2.61911044263552,1.5007652247887,0.09235478306392,1.41651598498678,2.2898033187379845,21.75933564850164,5.459579152383338,0.03842759856130762,314.1724414347224,1.9914990551737561,0.2511347552028332,0.0014341564705269041,2.0833333333332402e-4,1.0466666666666666,0.025999041,0.013498402,0.01662498584375,0.020131244752232144,0.1423611111111111,MP,0.0544,18.194955,567.3,4.5,0.287,4.26352625,-301.1,4.725,0.644
Wade,2019-05-03 11:45:00,123,spring,14.600000000000001,21.5,0.12,0.011274131274131275,1.2000000000000002,9.8,9.8,9.8,41.2,79.60000000000001,123.80000000000001,23.5015,3.15075644394254,0.6158892607870698,0.10711117578905563,2.561945581273227,2.0490282490614375,28.730920814313187,7.932301050832799,0.06946487106288561,252.51438279694761,9.873922330500248,0.2579271724552021,0.0018366875849555554,0.0016736111111111019,6.663333333333333,0.0235002395,0.006999999999999999,0.015796889973958332,0.02053197454017857,0.03125,NO,0.0628,17.911635,559.05,5.574999999999999,0.293,4.285775,-301.875,5.7,0.636
Wade,2019-05-05 12:30:00,125,spring,NA,NA,NA,NA,NA,NA,NA,NA,NA,NA,NA,NA,2.67683099267038,0.16485375895570975,0.019394559877142323,2.7025116001701526,2.535775565222847,12.709703750334072,3.586482515012702,0.03264467258790222,242.94533603643399,0.030008938309075663,0.27726120625993655,0.002330457069259702,0.018437499999999992,0.052,0.021999041,0.016998561000000002,0.013218696729166667,0.017324393829613094,0.08333333333333333,NO,0.5229,17.630665,528.6,6.85,0.295,4.0826785,-287.675,6.6,0.642
Wade,2019-05-07 07:15:00,127,spring,8.200000000000001,6.083333333333333,0.08,0.022162162162162165,0,0,0.4,14.600000000000001,24.400000000000002,67.8,134.8,20.10893875,2.85916466457893,0.3090166392856051,0.04944266228569681,2.5304535443173064,2.696050769104298,15.930574980023124,4.4067402698043345,0.04181818881370562,233.02601077088573,1.3306386938058685,0.28851642488390256,0.00249174200979268,7.291666666666574e-4,0.8906666666666666,0.044,0.0364997605,0.004432315802083333,0.01410936013764881,0.8368055555555556,NO,0.0149,17.490942083333334,544.3333333333334,9.23125,0.28843749999999996,4.1488998229166665,-294.23333333333335,8.636458333333334,0.64484375
Wade,2019-05-08 17:15:00,128,spring,NA,NA,NA,NA,NA,NA,NA,NA,NA,NA,NA,NA,2.22096976807258,0.6659647688640651,0.15669759267389766,2.3854208367972247,2.5586717404472927,7.120829859439104,1.6976456843688366,0.01174864621639525,319.52981864615367,0,0.26263512279311096,0.0021315973795519886,0.00738888888888888,0,0.044999041,0.011999040999999995,0.039098959171875,0.018024034630208335,0.2465277777777778,NO,0.0258,17.9538125,570.9,8.1,0.287,3.8804992499999997,-317.20000000000005,7.775,0.64225
Wade,2019-05-09 11:45:00,129,spring,30.6,17.75,0.27999999999999997,0.028598130841121495,0,0,8.200000000000001,8.200000000000001,22.8,64,129.4,37.630475000000004,3.64343924489577,2.728518555647832,0.10012912130817732,1.7932648244508134,2.384612526046624,38.22488465367369,8.201081862779896,0.08671182019355958,209.14380726009716,43.99202404066606,0.23892494879335285,0.0015061536817506686,3.1249999999999074e-4,11.405333333333335,0.054,0.018500239499999994,0.03949996085416667,0.02017284569717262,0.003472222222222222,MP,0.5419,18.1455675,576.45,5.925000000000001,0.285,4.34339475,-312.4,6.5,0.6385000000000001
Wade,2019-05-13 15:45:00,133,spring,19,15.25,0.08,0.020652173913043477,0,0,0,30.6,38.800000000000004,63.2,151.20000000000002,43.92389125,2.9393921073933154,1.7697588140973752,0.11417798800628227,1.6387297125596936,2.309758263909047,26.516109285946666,4.093248523700549,0.05950583433879141,152.11103814023787,5.379975728591093,0.18672174290181714,0.0016656527190203332,0.002083333333333324,1.4386666666666668,0.054,0.026500639,0.037015604171875,0.03686556424925595,1.2048611111111112,NO,0.0798,17.662333333333333,570.0895833333333,7.816666666666666,0.286875,3.881536625,-314.20520833333336,7.63125,0.6374583333333333
Wade,2019-05-15 17:15:00,135,spring,NA,NA,NA,NA,NA,NA,NA,NA,NA,NA,NA,NA,2.54632590605659,0.14494646949804046,0.03410505164659776,2.6636388853527637,2.25748077334403,6.999988191284772,1.2244275150909338,0.0159515297841797,169.7394953559839,0.006766456053385849,0.1585898877477124,0.0022913660329017095,0.022548611111111103,0.017333333333333336,0.0444997605,0.011499760499999997,0.04253646415104167,0.041967255710565476,0.010416666666666666,NO,0.0339,17.6126725,569,7.3,0.292,3.86334575,-314.75,7.375,0.635
Wade,2019-05-16 17:15:00,136,spring,2.2,2.3333333333333335,0.04,0.015172413793103448,0,0,11.8,19,47.800000000000004,72.4,154,18.18147,1.83647507517158,0.4627731395510699,0.08814726467639426,2.1735118037899555,2.205029528825299,7.205999249406643,1.3120501987622215,0.01674456612185233,173.27213153477274,0.003708857694769238,0.17634820917812163,0.0021707728913578036,9.374999999999911e-4,0.026,0.0380004795,0.015500319500000005,0.03679433878125,0.04187091720014881,0.4618055555555556,MP,0.0441,17.47518,561.65,8.2,0.289,4.1108215,-309.5,8,0.636
Wade,2019-05-17 16:45:00,137,spring,0.4,0.8333333333333334,0.04,0.007272727272727274,2.2,2.2,2.2,11.4,21.200000000000003,60.400000000000006,156.20000000000002,9.9834575,1.54130019118166,0.3068658877317849,0.037195865179610293,1.584449840317517,2.2011451322938718,6.389980805264239,1.1870587859521347,0.01728019552153189,151.9062840226869,0,0.18003591120021684,0.002259448827686398,4.1666666666665764e-4,0,0.036,0.0165002395,0.031046889151041666,0.040381338625,0.1284722222222222,NO,0.0161,17.2827225,557.25,8.525,0.28825,4.3302645,-304.475,8.4,0.6355
Wade,2019-05-18 19:00:00,138,spring,NA,NA,NA,NA,NA,NA,NA,NA,NA,NA,NA,NA,1.31378728473557,0.23584933441784006,0.09433973376713603,1.3577820098065625,1.9169294507163945,2.9603076135615614,0.541089984615025,0.00729243834536609,164.07744881336973,0,0.18685487803372725,0.002583820943590734,-8.980807995421595e-18,0,0.03300048,0.008000959999999998,0.030635400859375002,0.03786495923288691,0.2222222222222222,NO,5e-4,17.616100000000003,567.5,8.6,0.286,4.674045,-319.325,8.649999999999999,0.636
Wade,2019-05-19 08:00:00,139,spring,2.6,2.1666666666666665,0.2,0.01925925925925926,0.4,2.6,2.6,2.6,21.6,60.400000000000006,154.6,4.9655000000000005,1.33743757283536,0.388512030651854,0.0971280076629635,1.2037351631890745,1.704273131237516,1.8591157552132385,0.34757643530585247,0.004084658422476591,188.16842312429318,0.042799667680971966,0.18539003712089938,0.0024060150615432766,-8.980807995421595e-18,0.09666666666666666,0.03399952,0.006999039999999998,0.030229200802083335,0.03649517731845238,0.0625,NO,0.0394,17.677889999999998,570.55,8.3,0.285,4.8550365,-323.2,8.649999999999999,0.6355
Wade,2019-05-19 17:00:00,139,spring,27.8,45.166666666666664,0.8400000000000001,0.010239410681399632,2.6,3,5.2,5.2,24.200000000000003,63,156.8,32.517225,3.5026148824049903,2.6369329599249762,0.25726175218780256,1.137736200655032,1.5704555554286328,34.28196286679442,4.930319643923111,0.1022027860374184,106.67545577581767,71.19410526941017,0.18331910333904827,0.0023289202356545024,0.006874999999999991,60.586666666666666,0.043,0.027999999999999997,0.02850527578125,0.03582553101413691,0.06944444444444445,NO,0.0864,17.363985,551.775,9.2,0.286,4.6872325,-300.5,8.850000000000001,0.635
Wade,2019-06-29 17:00:00,180,summer,10.4,3.5,0.72,0.04837209302325581,1.6,2,4.6000000000000005,4.6000000000000005,13.200000000000001,40,82,14.510175,0.552087206731289,0.435632313521793,0.056210621099586196,0.1320423671985221,0.17602434297677402,1.045704405182844,0.23522655571201345,0.0034222080685660052,151.99598074062004,1.2055601762237547,0.22617754533455797,0.00256794875268723,0.21672916666666667,2.44,0.025000959,0.037000959,-0.005921779286458333,0.005161065836309524,38.27777777777778,NO,0.0408,16.792364354166665,580.7139583333334,14.920833333333333,0.26525208333333333,15.929428041666666,-415.33666666666664,14.28,0.59118125
Wade,2019-06-30 09:30:00,181,summer,12.6,12.916666666666666,0.64,0.016153846153846154,12,12.4,12.4,15,23.6,47,92.2,26.47871625,1.26764207769791,0.899986599373623,0.08371968366266261,0.28735143298464233,0.18907027987069486,4.1413006562348365,0.605838230297611,0.01584881213628002,84.53024408865323,6.649597372453884,0.2254608216942505,0.0029884984621761554,0.7423125,4.796,0.035,0.014000000000000002,0.009510497427083334,0.005035324645833333,0.125,MP,0.0161,16.5523525,581.3,15.45,0.27975000000000005,15.5079375,-409.675,15.375,0.601
Wade,2019-07-06 11:45:00,187,summer,19.2,7.416666666666667,1,0.04266666666666667,0,0,0,0,24.6,36.2,85.60000000000001,19.2,2.62295137264033,2.5039736746368364,0.6677263132364897,0.10521158714193649,0.12886032304697712,3.7868595338835527,0.8082611168297454,0.019742207929269364,90.53325399519278,33.6805537431653,0.26587360251052994,0.002504039031132497,0.9796319444444445,41.87466666666667,0.027,0.0339995205,-0.016750039947916667,0.0038943448876488096,4.927083333333333,NO,0.0647,16.581424916666666,572.3391666666666,16.312916666666666,0.26375,15.249632291666666,-420.07895833333333,15.62875,0.5828625
Wade,2019-07-11 20:00:00,192,summer,26.4,19.166666666666668,1.3199999999999998,0.022857142857142857,0,0,0,0,19.2,44.2,84.60000000000001,26.4,0.464516231246802,0.38405830619952464,0.06982878294536811,0.09240765745813055,0.1159549357021878,2.283772003600371,0.5507326892374937,0.007979065142876107,152.63038854489804,4.368209170632477,0.27953008295178305,0.002438271344961659,0.9415347222222222,15.908666666666667,0.031,0.09899952,-0.036297917265625,-0.00967129613764881,4.302083333333333,MP,5e-4,16.713933776041667,580.43046875,15.855729166666666,0.2544166666666667,16.91978609375,-436.23984375,15.323177083333333,0.5778958333333333
Wade,2019-07-28 15:30:00,209,summer,31.8,6.583333333333333,0.8800000000000001,0.0795,0.6000000000000001,0.6000000000000001,0.6000000000000001,0.6000000000000001,2.4,23.6,93.8,32.37,0.865681922480014,0.7633546637689159,0.16963436972642576,0.06121987215949417,0.06302755489681182,1.2133109133342899,0.4107011876771795,0.004574529078163265,198.53255492444256,3.6326423665011287,0.3899632296024689,0.002223746002894364,0.01149999999999999,15.568666666666665,0.015,0.01300048,-0.21851568411458333,-0.11725001404389881,15.177083333333334,NO,0.0233,16.6863940625,589.9029166666667,16.5525,0.21134375,17.963441958333334,-436.418125,16.106458333333332,0.5705812499999999
Wade,2019-07-31 14:30:00,212,summer,7.6,3.8333333333333335,1,0.03234042553191489,1,1,39.2,39.800000000000004,39.800000000000004,55.6,108.4,41.79042875,1.41077027797576,1.3337904488265628,0.38108298537901797,0.07862009898146448,0.142897769216138,1.5288624726105724,0.43478592284681106,0.005812298216210716,165.41685170998886,6.260254675096002,0.31123299603498933,0.0029311873515839794,0.016581307872833056,24.611333333333334,0.025999041,0.018998561,0.012083258411458334,-0.10483709364880953,2.375,NO,0.0298,16.30373484375,580.4098958333333,18.501041666666666,0.2631145833333333,14.401028333333333,-424.5677083333333,17.466145833333332,0.6037395833333333
Wade,2019-08-07 18:45:00,219,summer,19.400000000000002,7.583333333333333,0.32,0.04217391304347826,5.8,5.8,5.8,11.6,19.2,59,108.4,29.634136250000005,1.20122652920184,1.1225254090872196,0.10690718181783045,0.07814006832876673,0.08481245908136681,1.3826578933224967,0.3608522867750134,0.0063211734310983465,126.23620243295461,2.1987685042307916,0.33937460907694367,0.002648372058561512,0.0011458333333333234,4.433333333333334,0.0264997605,0.0474999205,-0.01464061084375,-0.02291374161904762,6.302083333333333,NO,0.0061,16.5258886875,586.5962499999999,16.199791666666666,0.22857916666666667,17.244102291666668,-431.8725,15.773541666666667,0.57355625
Wade,2019-08-08 08:45:00,220,summer,12.8,5.083333333333333,0.24,0.04129032258064516,20,25.2,25.2,25.2,31,78.4,127.8,36.493,2.69998312635873,2.158329225298186,0.6641013000917495,0.2923541719716223,0.13385283249137156,3.7472718242651877,0.6353566979720807,0.02087905746408709,67.29129533971806,14.17614427661923,0.3076474099311481,0.0033318070660944043,0.5564722222222223,15.481333333333334,0.0315002395,0.0115011985,7.552524583333333e-4,-0.02358559675372024,0,NO,0.0235,16.0737825,572.6,17.65,0.28725,12.8440425,-424.125,16.8,0.608
Wade,2019-08-08 20:45:00,220,summer,9.6,2.1666666666666665,1,0.07111111111111111,32.2,38,38,38,43.800000000000004,91.2,140.6,45.424499999999995,2.51197723371467,2.0291919196410753,0.6243667445049462,0.9898895649018107,0.30588003381403694,3.6119729270725967,0.5724455015448588,0.018580987720049687,68.12672562673005,5.927832226350045,0.22737963303501602,0.004688794187428775,1.7871527777777778,9.216666666666667,0.029000479500000002,0.015501198500000004,0.018682344963541667,-0.02306847759077381,0.020833333333333332,NO,5e-4,15.946525,571.55,18.2,0.29,10.8314,-421.22499999999997,17.025,0.60875
Wade,2019-08-10 05:15:00,222,summer,12.6,36.5,0.48,0.005740318906605923,10.4,42.6,43.2,48.4,54.2,101.60000000000001,151,56.2903575,1.1798128563915,0.922981894674844,0.06836902923517363,0.3709256024584393,0.5025161204760747,4.100679275688927,0.5925770036574095,0.018335128798643876,71.46822465779734,0.8087196544147098,0.16654943984712967,0.004213041236381254,0.04238194444444444,1.7526666666666668,0.0315002395,0.005500239499999997,0.021671897489583335,-0.021186774973214285,0.71875,MP,0.0014,16.21541989583333,582.6697916666667,17.041666666666668,0.2882083333333333,9.224853302083334,-430.0645833333333,16.484375,0.60928125
Wade,2019-08-12 19:30:00,224,summer,8.4,6.916666666666667,0.44000000000000006,0.02,0,0.2,13.4,23,61,75.4,137.2,27.717109999999998,0.473569353365291,0.332514104365785,0.051156016056274616,0.17846307570935557,0.49540496196994993,1.7790751399859717,0.2989508176920326,0.006736458530156429,98.13417378854956,0.15496830454709296,0.16114193433352345,0.0038044122531281145,0.010104166666666657,1.1893333333333334,0.02399952,0.01499952,0.013416718291666666,-0.007578860959077381,1.3125,NO,5e-4,16.430654166666667,582.69375,15.706249999999999,0.2788854166666667,7.382347979166667,-431.26354166666664,15.247916666666667,0.60540625
Wade,2019-08-17 03:15:00,229,summer,8.8,2.9166666666666665,0.8,0.048888888888888885,4.2,4.2,4.2,5.6000000000000005,22.400000000000002,79.4,129.6,13.930308750000002,0.541653901060544,0.430096944114476,0.107524236028619,0.11705092227498934,0.16809207244514018,0.9753469788541309,0.20546557457776987,0.003656836591778073,124.24693334568406,0.8630474540862721,0.2300711312351487,0.0029906524636993123,-1.0101150240323283e-17,5.816,0.020999041,0.0109985615,0.0011927175104166667,0.013111219249255953,3.1458333333333335,NO,5e-4,16.528230381944443,587.6666666666666,15.707638888888889,0.2681979166666667,14.77156695138889,-433.17048611111113,15.448958333333334,0.5821631944444444
Wade,2019-08-28 14:45:00,240,summer,19.6,9.916666666666666,0.27999999999999997,0.03266666666666666,0,0,0,0,3.6,21,104.8,19.6,0.473569353365291,0.4160201450758466,0.031397746798177105,0.06581134719377649,0.07668787159041918,1.4086288272980025,0.40595076712953704,0.004712202777196509,190.50288667945864,0.4258339826170584,0.33092755299533705,0.0025598178793412698,0.009062499999999989,2.292666666666667,0.019,0.2214997605,-0.18235928589583333,-0.05154092214732143,10.822916666666666,NO,0.0884,16.776093875,589.475,14.672708333333333,0.237775,18.074316708333335,-439.816875,14.629583333333333,0.5660083333333333
Wade,2019-09-01 22:30:00,244,fall,30,31,0.12,0.0160857908847185,0,0,0.2,14.6,19.8,24.8,116,41.900365,1.24513559153163,1.1746988235466644,0.052208836602073976,0.08014230899015805,0.132304986070581,5.568634305585921,1.0036890842489443,0.025708689923586613,86.33192407263897,3.1711866617310007,0.29103191708146353,0.0027627619283403008,0.0012499999999999898,2.714,0.029,0.18,-0.09669791082291666,-0.07303125143080356,3.1354166666666665,NO,5e-4,16.692734340277777,580.4850694444444,14.836458333333333,0.2459236111111111,17.099292430555554,-435.9510416666667,14.75763888888889,0.5766354166666666
Wade,2019-09-04 09:15:00,247,fall,11.2,11.833333333333334,0.24,0.015664335664335664,2.2,24,30,30,49.800000000000004,54.400000000000006,140.20000000000002,38.10875,1.93472332431987,1.745703956913312,0.36751662250806566,0.29519384183253194,0.30384726703293546,3.3675618874533115,0.44490548747460074,0.016672159628974774,59.01033334132306,5.104572777666705,0.15772280042460948,0.0040074276377773665,0.005770833333333323,7.712666666666666,0.028,0.0254997605,0.011838498375,-0.026121297841517857,0.08333333333333333,NO,0.02,16.3907825,566.55,14.7,0.27725,12.2609975,-431,14.4,0.60125
Wade,2019-09-07 16:30:00,250,fall,20.2,12.75,0.36,0.026233766233766238,0,0,0.4,11.2,41.2,61,113.4,29.339617499999996,2.14595345767519,2.0343965007291223,0.31298407703524955,0.13811319261707375,0.33013204971393356,8.465801521530905,1.0435593365429345,0.04423261640190512,52.17070244831445,11.929747968348673,0.17325273783036244,0.003453693596588814,-1.0083080204115191e-17,12.080666666666666,0.039,0.047,8.280866822916666e-4,-0.00912874153125,2.4791666666666665,MP,0.0104,16.63241890625,574.5828125,13.790104166666667,0.2706979166666667,14.264127864583333,-435.73020833333334,13.7625,0.5876406249999999
Wade,2019-09-11 04:00:00,254,fall,9.8,15,0.16,0.010828729281767955,0,0,15.6,20.2,31.400000000000002,81.2,110.60000000000001,26.921778749999998,0.521331851190395,0.35791382465937904,0.027012364125236155,0.20041402369108233,0.5754534494190479,3.832081738158597,0.517691743721217,0.013166769305010827,86.94491311237866,0.04426824313243056,0.13600915697703272,0.0030547747592996654,4.1666666666665656e-4,0.26866666666666666,0.031982215,0.028981735,0.016671881645833334,0.017799108448660714,2.125,NO,5e-4,16.891360989583333,584.0442708333334,12.50625,0.28278125,13.6857396875,-437.0807291666667,12.7703125,0.6045208333333333
Wade,2019-09-23 18:45:00,266,fall,12,17.75,0.24,0.011214953271028037,0.2,0.2,0.2,0.2,0.2,11.200000000000001,92.4,12.19,0.333110122076018,0.245256232060528,0.028853674360062115,0.08370525829181276,0.09284860746608778,1.4213802157089441,NA,NA,NA,NA,0.19406741302947172,0.0029554452538159263,-1.0119220276531374e-17,0.9253333333333333,0.0272584,0.22646659449999998,-0.18330442219791668,-0.06657599193973214,10.364583333333334,NO,9e-4,16.80520177083333,565.895625,12.6275,0.25262083333333335,18.8170450625,-421.4504166666667,12.316458333333333,0.5623020833333333
Wade,2019-09-26 11:15:00,269,fall,9.6,12.333333333333334,0.12,0.012885906040268458,0.2,2.6,14.200000000000001,14.200000000000001,14.200000000000001,15.4,106.4,21.90155,0.64249047030176,0.507284002412556,0.061488969989400726,0.17256945132829868,0.15419561323414632,2.1768611861144995,0.21536739941152588,0.008289112151550601,57.45450847724984,0.39096814940880426,0.11428976790168952,0.0027964125620048835,-1.0119220276531374e-17,1.4986666666666668,0.039449377,0.017982469,0.0256089273125,-0.06601633888467262,1.34375,NO,0.0176,16.536621458333332,556.1979166666666,13.244791666666666,0.252,15.5460496875,-424.59166666666664,13.403125,0.60071875
Wade,2019-09-28 17:15:00,271,fall,12.8,15.333333333333334,0.2,0.013837837837837838,0,9.6,9.6,11.8,23.8,24.400000000000002,96.4,23.255913749999998,1.51433381624241,1.360873241686106,0.1512081379651229,0.18658776409220998,0.2335689979209456,4.453969592848489,0.29602354470965264,0.02124385792745675,30.813783849589683,2.441003111228369,0.0861262066746583,0.003310356864891844,-1.0119220276531374e-17,2.01,0.0397552,0.016763415499999997,0.027159929088541666,-0.035077561210565475,1.0833333333333333,NO,9e-4,16.664843958333332,555.3708333333334,12.79375,0.2703125,15.316736666666667,-421.84166666666664,12.782291666666666,0.5995208333333333
Wade,2019-10-01 16:15:00,274,fall,79.6,12.916666666666666,1,0.10205128205128204,4.2,4.2,16.6,17,28.6,40.800000000000004,113.2,94.54725249999998,9.53391090783441,9.255532356256207,1.5425887260427011,0.27655241317816626,0.40588682971438356,32.25014630148669,1.8800327878707321,0.17929360862327615,23.187438789607494,2294.1879056557686,0.06240150242629797,0.003394650004548211,3.1249999999998987e-4,604.7040000000001,0.065051407,0.04647973400000001,0.019551098666666666,0.027649577040922618,1.8333333333333333,NO,9e-4,16.925684427083333,565.6098958333333,11.2296875,0.286875,15.080171197916666,-428.65625,11.525,0.6058385416666666
Wade,2019-10-04 00:15:00,277,fall,3,6.166666666666667,0.04,0.008,0,36.2,83.8,83.8,96.8,120.4,162.8,76.48155,1.41077027797576,0.4443328635843461,0.059244381811246145,1.7220985376621747,1.7983808870802926,3.8399776381820883,0.29293425716189714,0.013998447464762592,46.27457692067588,0.43321051215174333,0.07847337956750548,0.003653560341692143,0.29909722222222224,0.216,0.042496938,0.0067036989999999935,0.041618958223958336,0.033382977869791663,0.4166666666666667,NO,4e-4,16.8310225,517.275,10.6,0.29574999999999996,11.78133,-433.05,10.8,0.611
Wade,2019-10-07 02:00:00,280,fall,25.8,15.333333333333334,0.4,0.027891891891891896,0,0,3,3,86.8,123.4,154.6,28.372125,3.17862395192458,2.883001310213329,0.23534704573170032,0.383218733671451,0.9102639360578719,19.76387153967417,0.696106938670696,0.09589859756112665,16.051509202654525,32.11973380385094,0.07467686958563499,0.002708204351423191,0.002395833333333326,8.205333333333334,0.0473752,0.025604516,0.03264004481770833,0.036171317142113094,2.4375,NO,5e-4,17.1870546875,509.2348958333333,8.457291666666666,0.29140625,10.997406458333334,-433.10833333333335,8.75625,0.6103020833333334
Wade,2019-10-16 21:45:00,289,fall,44.4,49.416666666666664,0.27999999999999997,0.014949494949494952,0,0.2,3.4000000000000004,3.4000000000000004,3.4000000000000004,32.2,152.6,47.3241,3.32673714643974,3.099352427874579,0.08609312299651609,0.2304614174120543,0.25332914935725037,41.010729044216006,0.2836144503269988,0.26874606727455286,2.333664406582528,42.03738818995378,0.010503353369773831,0.003470576191916697,1.0416666666665987e-4,6.038,0.055299269,0.0348985765,0.028360154177083333,0.02831114011532738,8.15625,MP,4e-4,16.901504395833335,492.051875,9.907083333333333,0.2860270833333333,13.596474052083334,-427.53333333333336,9.961666666666666,0.60498125
Wade,2019-10-22 22:00:00,295,fall,11.600000000000001,7.916666666666667,0.08,0.024166666666666666,0,0,0,0.6000000000000001,44.4,47.800000000000004,197,12.08870375,2.66526861566679,2.2676245117174143,0.20156662326377017,0.4919818363592819,1.3008998508678684,11.251593334897374,0.038073972773657996,0.06389016833185297,1.3177903653467897,2.434423010197088,0.019733010262700794,0.0037216985127603197,1.0416666666665973e-4,0.7686666666666667,0.047831815,0.018744615,0.03353384389583333,0.04038885176934524,2.9270833333333335,NO,4e-4,17.064630138888887,487.071875,7.810416666666667,0.29512499999999997,10.955370833333333,-429.79479166666664,8.063194444444445,0.613111111111111
Wade,2019-10-27 07:15:00,300,fall,26.8,28.166666666666668,0.2,0.015811209439528025,0,0,0,4.2,11.600000000000001,59.400000000000006,184.8,30.22092625,3.31869609986766,2.897094126090841,0.4138705894415487,0.48103376932461556,0.9815644712389566,28.12120437026733,0.807214533750343,0.14013511896756645,12.737791960335873,26.850777641744717,0.034101838470777156,0.0031219034479274986,-6.938893903907228e-18,11.484,0.060175338,0.019962865000000003,0.039304336791666665,0.0368879550297619,3.2395833333333335,NO,0.0019,17.086856736111113,522.1631944444445,8.78923611111111,0.2940069444444444,9.429887413194445,-416.1388888888889,8.928819444444445,0.6129236111111112
Wade,2019-10-31 02:45:00,304,fall,4.6000000000000005,4.166666666666667,0.08,0.01803921568627451,0,0.2,4,27,27,81.8,199,26.77216875,1.59656934399302,0.877502390458872,0.18473734535976252,0.8782864368274155,1.8247067516902435,3.3109292400455796,0.11583917663096646,0.012779319045184078,20.044716330410942,0.2808448992762711,0.03887908619366906,0.0033571654012630016,6.249999999999931e-4,0.5386666666666667,0.038992980499999996,0.0057904689999999925,0.0334242444375,0.038878674079613096,1.6354166666666667,NO,4e-4,16.972828802083335,503.0473958333333,8.846875,0.2982916666666667,7.603613520833333,-396.378125,8.841145833333334,0.613671875
Wade,2019-10-31 16:15:00,304,fall,79.2,14.833333333333334,1.28,0.08849162011173185,4.6000000000000005,4.800000000000001,5.2,22.400000000000002,31.6,61.800000000000004,199.4,98.1029575,9.16285235837223,7.87232829749331,0.8510625186479255,1.0268336502712694,1.8091047165526493,35.33120098329828,1.0590602480850166,0.22986089205478574,10.188441229378524,1299.7427375452887,0.036687044881665264,0.0035289782109781858,0.03885416666666666,422.75800000000004,0.0647488,0.038862219499999996,0.03223992776041667,0.038690664188988096,0.041666666666666664,MP,9e-4,16.3919425,490.35,10.5,0.298,6.8334805,-372.75,9.975,0.614
