site,event_start,DOY,season,rain_event_total_mm,rain_event_hrs,rain_int_mmPERmin_max,rain_int_mmPERmin_mean,rain_1d,rain_2d,rain_3d,rain_4d,rain_7d,rain_14d,rain_30d,API_4d,q_event_max,q_event_delta,q_event_dQRate_cmsPerHr,q_1d,q_4d,q_mm,NO3_kg_km2,SRP_kg_km2,event_NO3_SRP,turb_kg_km2,NO3_1d,SRP_1d,turb_1d,turb_event_max,gw_event_max_well1,gw_event_max_well5,gw_event_delta_well1,gw_event_delta_well5,gw_1d_well1,gw_1d_well5,gw_4d_well1,gw_4d_well5,time_sinceLastEvent,multipeak,PET_mmHR,DO_pre_pit1_15cm,Redox_pre_pit1_15cm,SoilTemp_pre_pit1_15cm,VWC_pre_pit1_15cm,DO_pre_pit1_30cm,Redox_pre_pit1_30cm,SoilTemp_pre_pit1_30cm,VWC_pre_pit1_30cm,DO_pre_pit1_45cm,Redox_pre_pit1_45cm,SoilTemp_pre_pit1_45cm,VWC_pre_pit1_45cm,DO_pre_pit3_15cm,Redox_pre_pit3_15cm,SoilTemp_pre_pit3_15cm,VWC_pre_pit3_15cm,DO_pre_pit3_30cm,Redox_pre_pit3_30cm,SoilTemp_pre_pit3_30cm,VWC_pre_pit3_30cm,DO_pre_pit3_45cm,Redox_pre_pit3_45cm,SoilTemp_pre_pit3_45cm,VWC_pre_pit3_45cm
Hungerford,2017-08-05 09:15:00,217,summer,9.652000000000001,1.6666666666666667,0.4064,0.09192380952380953,0,0.254,1.016,1.016,1.016,23.876,103.886,10.53455475,0.854818338,0.20972967799999997,0.016778374239999998,0.69373203621875,0.7229022968333333,3.1388839235239727,NA,NA,NA,20.703907369074514,1.6951889576352122,0.029913360617702344,5.07375,9.335333333333333,NA,NA,NA,NA,NA,NA,NA,NA,NA,NO,0.31,18.300303958333334,NA,21.935416666666665,0.303,17.658372916666668,NA,NA,NA,17.191362291666668,NA,19.683333333333334,0.28175,15.700117708333334,NA,20.845833333333335,0.37902083333333336,-0.06740065229166667,NA,19.19375,0.3069375,5.2879131875,NA,18.079166666666666,0.35562499999999997
Hungerford,2017-08-12 12:15:00,224,summer,12.446,21,1.016,0.009838735177865612,0,1.016,1.016,1.016,14.986,16.002,71.882,13.36294,0.924292961,0.335694006,0.016997164860759494,0.5905689274479167,0.6396220337057291,3.1912803837945205,NA,NA,NA,24.07638754823151,NA,NA,5.565073446327683,10.492666666666667,NA,NA,NA,NA,NA,NA,NA,NA,5.03125,NO,0.5158,18.789220651041667,NA,20.071875,0.2968619791666667,18.454701822916668,NA,NA,NA,18.075505546875,NA,18.59973958333333,0.2738229166666667,16.51511296875,NA,19.06848958333333,0.3887994791666667,9.431609231770834,NA,18.4140625,0.308421875,4.093754028645833,NA,17.840625,0.3562317708333333
Hungerford,2017-08-15 14:00:00,227,summer,11.938,0.4166666666666667,0.762,0.39793333333333336,0,0,4.572,12.446,13.462,28.448,68.834,22.2713407125,1.124707586,0.531512651,0.07331208979310345,0.6611487985,0.7157140194140625,2.293558583239726,2.3131249296295926,0.1854800425735457,27.577447576295178,23.56154970217348,1.2902247972361658,0.2101230027164437,6.687819444444444,14.353333333333333,NA,NA,NA,NA,NA,NA,NA,NA,1.0625,NO,0.649,18.574069166666668,NA,20.192708333333332,0.30394791666666665,18.203003020833332,NA,NA,NA,17.848823229166666,NA,18.905208333333334,0.27159375,16.161058958333335,NA,19.279166666666665,0.38816666666666666,9.565007520833333,NA,18.759375,0.30825,3.5089208020833333,NA,18.232291666666665,0.35815625
Hungerford,2017-08-17 19:30:00,229,summer,28.702,28.416666666666668,1.016,0.016784795321637427,0,0,11.938,11.938,24.384,39.37,74.168,38.93734275,1.691758953,1.1303127269999997,0.03229464934285713,0.6216396649583333,0.7175399381666666,7.171022288958904,8.400535850232124,1.3917100355820697,13.347821677454066,133.6068521811451,1.0547679535158374,0.10433709912201225,13.961784722222221,27.111333333333334,NA,NA,NA,NA,NA,NA,NA,NA,0.78125,MP,0.3412,19.0032265625,NA,18.8125,0.30645833333333333,18.600937604166667,NA,NA,NA,18.1914803125,NA,18.605208333333334,0.27095833333333336,16.5074978125,NA,18.392708333333335,0.39278125,9.632901,NA,18.366666666666667,0.30971875,3.0677820833333334,NA,18.041666666666668,0.360375
Hungerford,2017-08-22 15:15:00,234,summer,17.526,5.25,0.6096,0.05476875,0,0,0,15.494,28.702,54.102000000000004,91.94800000000001,30.145959837499998,1.347600817,0.683030341,0.05939394269565218,0.7386309834375,0.9894006844505209,4.464523166116439,4.525704743944217,0.4711306649909661,21.24207853091431,80.1567990153818,1.1606612916582602,0.03430883559888884,10.133284722222223,27.914666666666665,NA,NA,NA,NA,NA,NA,NA,NA,1.1979166666666667,NO,0.5367,18.410764375,NA,21.41875,0.29696875,18.157229583333333,NA,NA,NA,17.932117083333335,NA,19.391666666666666,0.2684375,16.010251041666667,NA,19.909375,0.40465625,14.1097071875,NA,18.993750000000002,0.32585416666666667,0.44666635177083336,NA,18.338541666666668,0.3613645833333333
Hungerford,2017-09-03 08:00:00,246,fall,NA,NA,NA,NA,NA,NA,NA,NA,NA,NA,NA,NA,1.261347087,0.7729267550000001,0.029727952115384617,0.501773161375,0.5241831975338542,4.083500433369863,NA,NA,NA,NA,1.0733314239120995,1.7386307663704652e-4,5.074238095238095,26.578666666666667,NA,NA,NA,NA,NA,NA,NA,NA,9.427083333333334,NO,7e-4,19.389959479166667,NA,15.988020833333334,0.22401822916666667,19.38791671875,NA,NA,NA,19.109954348958333,NA,16.400520833333335,0.23481770833333332,17.354900286458335,NA,15.493489583333334,0.3856354166666667,16.91693046875,NA,15.87890625,0.3064661458333333,5.487561528645833,NA,15.950520833333334,0.35740625
Hungerford,2017-09-05 11:45:00,248,fall,NA,NA,NA,NA,NA,NA,NA,NA,NA,NA,NA,NA,1.767634158,0.8668403089999999,0.05175166023880596,1.06484770759375,0.7503869907265625,4.114108705561644,NA,NA,NA,NA,0.9571467774715468,0.12105158874502872,18.935493055555554,18.63,NA,NA,NA,NA,NA,NA,NA,NA,0.010416666666666666,NO,0.0168,18.5682025,NA,17.1,0.302,18.4893125,NA,NA,NA,18.391865,NA,16,0.238,17.30319,NA,15.8,0.492,17.473982499999998,NA,15.4,0.357,10.323055,NA,15.2,0.36275
Hungerford,2017-09-07 01:30:00,250,fall,NA,NA,NA,NA,NA,NA,NA,NA,NA,NA,NA,NA,3.864915065,2.59650311,0.11048949404255319,1.4384132687395834,1.0730352436848958,13.108406802739726,NA,NA,NA,NA,0.9221773455764343,0.13723182339119472,16.19031746031746,49.867333333333335,NA,NA,NA,NA,NA,NA,NA,NA,0.010416666666666666,NO,4e-4,18.701327499999998,NA,16.3,0.318,18.459152500000002,NA,NA,NA,18.38788,NA,15.9,0.249,17.917189999999998,NA,15.5,0.496,17.8992675,NA,15.4,0.358,8.880704999999999,NA,15.3,0.363
Hungerford,2017-10-05 15:00:00,278,fall,9.398,10.416666666666666,0.5588,0.014917460317460319,0,0,0,0,1.016,1.016,1.016,9.398,1.233310291,0.685169331,0.30451970266666667,0.5258668392083333,0.5032580503333334,1.0904465858424657,0.26529333489157036,0.02432345029962922,24.11866828440728,10.574615432209042,0.273685412057664,0.020711576254213687,4.145097222222223,13.113333333333333,NA,NA,NA,NA,NA,NA,NA,NA,25.208333333333332,NO,0.4009,19.392640807291667,NA,14.522395833333333,0.20773177083333333,19.702639479166667,NA,NA,NA,19.560738020833334,NA,14.8421875,0.19718229166666668,19.090650442708334,NA,13.28359375,0.37780729166666666,16.929186145833334,NA,13.898958333333333,0.3024895833333333,15.954843229166666,NA,14.27421875,0.34851822916666664
Hungerford,2017-10-09 10:45:00,282,fall,37.846000000000004,15.333333333333334,0.2032,0.040914594594594594,7.62,8.128,8.128,8.382,17.526,18.542,18.542,45.7503545875,5.072314093,4.4652099110000005,0.4356302352195123,0.61020240341666665,0.614195966,9.334222923328767,NA,NA,NA,NA,0.3816150466891386,0.03770810429650393,4.440874999996774,36.084,NA,NA,NA,NA,NA,NA,NA,NA,3.125,NO,8e-4,18.877044756944443,NA,16.240277777777777,0.22520138888888888,19.229639166666665,NA,NA,NA,19.137323715277777,NA,15.455902777777778,0.19466319444444444,17.950683194444444,NA,14.588541666666666,0.38914930555555555,17.85607982638889,NA,14.484375,0.3048854166666667,16.06716232638889,NA,14.357291666666667,0.34959027777777774
Hungerford,2017-10-26 14:00:00,299,fall,21.082,20.75,0.1016,0.0168656,0,3.556,3.556,3.556,3.556,5.334,61.722,24.29129,2.412760899,1.6135063269999996,0.10580369357377047,0.7928498413541667,0.6931387578229167,7.274993952883562,10.427011496354906,1.1454521469589845,20.12959639183703,132.69612752520072,1.1185714787938728,0.044904837228339795,5.523805555555556,34.397999999999996,NA,NA,NA,NA,NA,NA,NA,NA,15.114583333333334,NO,0.0356,18.875176536458333,NA,14.642447916666667,0.2468125,19.272563958333333,NA,NA,NA,19.176797890625,NA,13.786197916666667,0.2198984375,18.501066666666667,NA,13.091927083333333,0.38910677083333334,13.963850911458334,NA,12.991666666666667,0.30583072916666665,13.518685416666667,NA,12.924479166666666,0.3564192708333333
Hungerford,2017-10-30 01:00:00,303,fall,11.938,20.083333333333332,0.2032,0.009866115702479339,2.794,2.794,12.954,23.876,27.432000000000002,29.21,84.58200000000001,32.1992672625,3.681540387,2.621851135,0.18398955333333333,1.0533598963125,1.254866868690104,7.31897085160274,15.8076227256683,1.2802936790918076,27.302921865775126,235.05621790899622,1.8340171788752535,0.019958602045906756,11.644354166666666,91.188,NA,NA,NA,NA,NA,NA,NA,NA,0.8645833333333334,NO,0.0068,18.885255104166667,NA,12.488541666666666,0.309125,19.155996458333334,NA,NA,NA,19.029693333333334,NA,12.611458333333333,0.23679166666666665,18.1687740625,NA,12.042708333333334,0.5091770833333333,15.523472916666666,NA,12.395833333333334,0.35104166666666664,6.598607552083333,NA,12.6,0.36496875
Hungerford,2017-11-03 06:15:00,307,fall,14.478,4.833333333333333,0.6604,0.04907796610169492,3.556,7.8740000000000006,7.8740000000000006,12.7,22.606,47.244,104.394,25.6840021625,6.274332155,4.752342135999999,0.528038015111111,1.43650419,1.6213563785885416,11.730478287575343,32.29153777799292,3.1669757759266557,22.54738347844154,1176.1211685039086,2.8214583440631533,0.03485803598649908,8.943233940973006,336.6273333333333,NA,NA,NA,NA,NA,NA,NA,NA,2.3020833333333335,NO,0.0331,19.39651234375,269.5678787878788,10.1796875,0.3198854166666667,19.631422916666665,305.52181818181816,NA,NA,19.40942520833333,302.3721212121212,11.29375,0.2522760416666667,19.629792395833334,328.3158536585366,10.496875000000001,0.5220833333333333,11.3599149375,350.5189024390244,11.357291666666667,0.35592708333333334,0.2349098186875,370.63353658536585,11.885416666666666,0.3667552083333333
Hungerford,2017-11-05 22:30:00,309,fall,11.938,16.416666666666668,0.2032,0.012058585858585859,0,0,14.478,22.352,33.782000000000004,61.722,109.474,30.7644974625,4.416781064,2.8313121280000004,0.14156560640000002,1.7478274035520833,2.2488352019140625,12.125495499041095,36.85341930820906,1.80315888488911,45.19557933028031,360.3393515035475,3.634141828242952,0.04138689139280517,11.600770833333334,86.944,NA,NA,NA,NA,NA,NA,NA,NA,0.7395833333333334,NO,0.0086,19.478034583333333,346.39479166666666,8.99375,0.32573958333333336,19.560533958333334,357.93333333333334,NA,NA,19.280760416666666,367.140625,10.757291666666667,0.288375,20.555356458333332,346.7625,9.735416666666667,0.5262083333333334,7.601474791666667,138.421875,10.832291666666666,0.359,-0.44232005520833334,146.640625,11.45,0.36797916666666663
Hungerford,2017-11-19 03:00:00,323,fall,11.200000000000001,13.166666666666666,0.08,0.014088050314465408,0,1,1.2000000000000002,1.2000000000000002,1.2000000000000002,14.154,75.876,12.273975,2.952095204,1.847122873,0.10865428664705883,1.04420832840625,1.1001324838203126,7.3342295920479454,17.81873397443975,1.7416627130477595,22.623768867079594,191.21424051913905,2.7953099693777745,0.0015056911927570958,6.560756944444444,64.72733333333333,NA,NA,NA,NA,NA,NA,NA,NA,10.802083333333334,NO,5e-4,19.7455603125,418.4171875,3.659895833333333,0.32611979166666666,19.957654166666668,421.39088541666666,NA,NA,19.620439765625,350.94427083333335,5.723697916666667,0.2975625,19.937717760416668,137.02526041666667,4.904427083333333,0.44847135416666667,4.638873104166667,153.08333333333334,6.263802083333333,0.365140625,-0.29516253203125,510.0044270833333,7.12734375,0.3728984375
Hungerford,2017-11-22 09:45:00,326,fall,3.2,3.4166666666666665,0.04,0.01523809523809524,0,0.2,9,11.4,12.600000000000001,13.616000000000001,87.276,12.880215,1.658639161,0.213943687,0.014262912466666666,1.4753150772083334,1.63740493496875,3.4163299774726026,NA,NA,NA,NA,2.726156000806795,0.01114998330845693,8.0328125,9.387333333333334,NA,NA,NA,NA,NA,NA,NA,NA,1.40625,NO,0.0074,19.636344791666666,423.35833333333335,3.3208333333333333,0.33425000000000005,20.070795833333335,415.5677083333333,NA,NA,19.935981770833333,377.278125,4.895833333333334,0.30977083333333333,20.779570416666665,125.846875,3.9656249999999997,0.5364479166666667,5.6556235416666665,175.665625,5.314583333333333,0.3696041666666667,-0.25341732083333335,455.37291666666664,6.320833333333333,0.3739166666666667
Hungerford,2017-11-25 22:15:00,329,fall,8.4,16.083333333333332,0.08,0.00865979381443299,0,0,3.2,3.2,14.600000000000001,15.8,79.808,11.1436,2.805947578,1.4362787000000001,0.09905370344827587,1.3543614001666666,1.4457830512578125,8.578442011767123,NA,NA,NA,NA,2.8374894521422784,0.0030073478074815877,6.509569444444445,10.037333333333333,NA,NA,NA,NA,NA,NA,NA,NA,2.4270833333333335,NO,0.0099,19.564363020833333,463.6515625,3.2239583333333335,0.33475,19.95333260416667,420.4036458333333,NA,NA,19.790075833333333,325.15208333333334,4.7703125,0.31177604166666667,20.673398958333333,124.99166666666666,4.065625,0.53625,4.051018015625,123.10729166666667,5.249479166666666,0.3705364583333333,-0.2473849015625,228.425,6.099479166666667,0.373984375
Hungerford,2017-11-28 08:00:00,332,fall,4.6000000000000005,58.5,0.12,0.0013086770981507825,0,0,8.4,8.4,11.600000000000001,24.200000000000003,71.444,11.80195,1.862932544,0.608628041,0.01803342343703704,1.6543413384375,1.6997662001848959,16.917420791260273,50.11288372254524,0.12094324420219217,916.262570857166,123.90160487533979,2.960958373188401,0.01527939589917606,7.600870098038038,18.633333333333333,NA,NA,NA,NA,NA,NA,NA,NA,0.22916666666666666,MP,3e-4,20.1778725,470.375,2.7,0.34,20.303,468.9,NA,NA,19.788315,252.875,4.6,0.316,21.3481775,127.1,3.7,0.539,2.62086125,126.1,5.1,0.373,-0.249806675,181.60000000000002,5.925000000000001,0.375
Hungerford,2018-03-29 11:30:00,88,spring,14.4,15.583333333333334,0.08,0.015319148936170212,0,0.8,0.8,0.8,0.8,6.4,25.8,15.122,9.23550585,6.979516743,0.34897583714999997,2.6191817088020835,1.8894869017864584,21.042870667253425,NA,NA,NA,NA,2.4797696049824958,0.1010543202113685,11.663754385964912,NA,-0.119,-0.16,0.02100000000000002,0.04799999999999999,NA,NA,NA,NA,NA,NO,0.0173,19.513842291666666,539.7604166666666,0.8,0.37804166666666666,19.573392291666668,512.4604166666667,NA,NA,18.414124583333333,450.85625,1.0979166666666667,0.3319166666666667,20.35675375,101.61041666666667,1.2916666666666667,0.5455000000000001,10.303645416666667,200.70208333333332,1.9,0.38202083333333337,-0.039704363958333336,212.47708333333333,2.247916666666667,0.3777083333333333
Hungerford,2018-04-04 02:30:00,94,spring,14.4,16.333333333333332,0.12,0.014619289340101524,0,0,0.6000000000000001,0.6000000000000001,15.8,15.8,39.4,14.914425,4.378217745,3.1358345389999998,0.20905563593333332,1.2446589609583334,1.8612199922890624,6.921839876486302,13.101435428759409,0.025344176328233645,1143.1227411750901,501.46786290378,2.549917483494477,2.435000000000001e-4,9.834648148148148,142.13533333333334,-0.12309090909090908,-0.196,0.033909090909090916,0.04799999999999999,-0.16428013468013467,-0.2588753682659933,-0.15539921085858585,-0.25084655145202023,3.6458333333333335,NO,0.0025,19.439573125,534.41640625,3.154166666666667,0.36976041666666665,19.794895859375,511.47734375,NA,NA,15.194948671875,451.29791666666665,1.99140625,0.3248489583333333,19.598225807291666,125.690625,3.0497395833333334,0.5435546875,8.747012169270834,191.38671875,2.9283854166666665,0.38206510416666667,-0.093152429453125,-84.77284895833333,2.8955729166666666,0.38102604166666665
Hungerford,2018-04-12 18:15:00,102,spring,8.4,8.333333333333334,0.12,0.016633663366336635,0,0,0,0,1,30.400000000000002,40.6,8.4,2.102315436,1.365405765,0.11620474595744681,0.7588809101354167,0.804747474,3.3224814268561644,5.693493592712726,8.090242274394761e-4,15562.145597543737,77.04234537097355,2.398683952549683,2.4350000000000004e-4,6.4814375,53.638666666666666,-0.175,-0.207,0.02872727272727274,0.08881818181818182,-0.2005219476010101,-0.31635995370370373,-0.19512670059974746,-0.32270573653198653,7.395833333333333,NO,0.1696,19.735187473958334,484.75885416666665,1.5377604166666667,0.3618984375,20.020624479166667,497.69765625,NA,NA,20.178897213541667,423.809375,1.4890625,0.3187421875,20.944250052083333,134.38307291666666,2.2583333333333333,0.5398151041666667,3.510304375,138.47578125,2.6197916666666665,0.38292447916666666,-0.06933035630208333,55.294494791666665,2.8502604166666665,0.3823515625
Hungerford,2018-04-13 21:30:00,103,spring,10,39.666666666666664,0.04,0.0041928721174004195,8.4,8.4,8.4,8.4,9.4,24.400000000000002,48.800000000000004,17.98,3.750368678,2.264990552,0.24486384345945947,1.5785314554791667,0.9715506062968751,7.464393229130137,14.295955118048399,0.11616479384916988,272.1390192758514,344.354519659683,1.703078860490044,2.4350000000000004e-4,22.197520833333332,139.45466666666667,-0.16,-0.18845454545454546,0.013818181818181813,0.03209090909090909,-0.1857274537037037,-0.24113756313131313,-0.1934548016624579,-0.3063849610690236,0.010416666666666666,NO,0.0249,19.0074175,535.875,6.55,0.36775,19.703377500000002,499.525,NA,NA,18.9734425,411.1,2.95,0.32425000000000004,20.3378,127.15,5.2,0.54225,2.1592245,121.80000000000001,3.8,0.379,-0.13170094999999998,-330.35,3.5,0.3795
Hungerford,2018-04-16 06:00:00,106,spring,14,47.25,0.12,0.004929577464788733,1.8,2,11.600000000000001,20,20,35.4,54.6,30.9631525,6.473370514,4.728696442,0.24249725343589745,1.6205874729895833,1.7131403339140625,16.603938510945206,45.81455611403263,0.7396114153932145,136.97838545578537,2106.1991320254465,2.5273611257069235,2.4350000000000004e-4,13.957777777777778,489.77466666666663,-0.12688888888888888,-0.1739090909090909,0.0451111111111111,0.06609090909090909,-0.1795385101010101,-0.24179482323232324,-0.18542341593013467,-0.24988767518939395,0.6041666666666666,NO,0.0046,19.9292834375,538.103125,2.0364583333333335,0.37514583333333335,20.27062947916667,498.42291666666665,NA,NA,14.806121354166667,397.834375,2.678125,0.3323125,20.224690520833335,116.22604166666666,3.0989583333333335,0.54325,1.4057045625,106.06770833333333,3.709375,0.38267708333333333,-0.15065337812500001,-356.8333333333333,3.8562499999999997,0.38005208333333335
Hungerford,2018-04-20 14:45:00,110,spring,0.6000000000000001,0.9166666666666666,0.04,0.01,0.6000000000000001,0.8,3.8000000000000003,14.600000000000001,26.200000000000003,35.6,65.8,12.7192925,1.644675176,0.15929704999999994,0.016338158974358967,1.5690377257500001,2.829673079697917,2.766351947630137,8.256548548776403,6.736066992479384e-4,27104.68138693217,25.626034390938464,3.0768884536451475,2.435000000000001e-4,10.629625,10.868,-0.18309090909090908,-0.24365636363636364,0.0015654545454545643,0,-0.18425132470538721,-0.2475533291245791,-0.16252919533880472,-0.23075554608585858,2.0520833333333335,NO,0.0911,19.422809947916665,526.9088541666666,3.5494791666666665,0.37472916666666667,19.435755677083332,495.0364583333333,NA,NA,10.02871859375,415.6645833333333,3.068229166666667,0.327546875,16.845278333333333,91.50812499999999,3.884895833333333,0.5451875,-0.037422171817708336,115.01666666666667,3.9588541666666663,0.38647916666666665,-0.16850993802083333,34.83572916666667,3.9151041666666666,0.37902604166666665
Hungerford,2018-04-25 14:00:00,115,spring,33.6,59.5,0.12,0.009398601398601398,0,0,0,0,1.4000000000000001,35.2,66.4,33.6,6.455614798,5.627174183,0.24202899711827958,0.8537858674062501,1.0178471373463542,16.41577158910274,NA,NA,NA,1307.7974010090386,2.540269900845721,0.0016264831217708308,7.096027777777778,227.18066666666667,-0.139,-0.15418181818181817,0.07681818181818181,0.20463636363636364,-0.23043638047138046,-0.37646454124579126,-0.21290667902988217,-0.3222785135206229,4.072916666666667,MP,0.1573,19.298361953125,507.2708333333333,7.09375,0.3571536458333333,19.631952708333333,510.34192708333336,NA,NA,18.782292317708333,458.1908854166667,4.643229166666667,0.3178489583333333,20.524415989583332,149.30703125,5.847916666666666,0.5410078125000001,-0.405602253125,145.77135416666667,5.104947916666667,0.38665625000000003,-0.2153611421875,-63.10721354166667,4.650520833333333,0.378546875
Hungerford,2018-04-29 07:30:00,119,spring,29.6,56.25,0.08,0.008757396449704143,2.8000000000000003,3.6,25.400000000000002,36.4,36.4,53.400000000000006,101.2,60.632343750000004,7.963940085,6.278003806,0.29895256219047617,1.7735482864895833,2.7050226680520835,21.188762959931505,49.00558817901909,1.3827637426820774,78.3699894002147,2221.8708865024323,2.838528233063021,0.020993403855521477,12.390243055555555,275.132,-0.131,-0.161,0.035,0.061,-0.17278002735690237,-0.2405163667929293,-0.16960059632786195,-0.23133694812710437,1.2604166666666667,NO,7e-4,18.6464534375,528.2666666666667,10.226041666666667,0.3710833333333333,19.218566979166667,487.5875,NA,NA,11.878160729166666,492.90729166666665,7.452083333333333,0.32183333333333336,18.079367916666666,107.69895833333334,8.971875,0.5424583333333334,0.10162682014583334,134.71875,7.855208333333334,0.4005208333333334,-0.38633617604166665,-233.68333333333334,6.988541666666666,0.3753854166666667
Hungerford,2018-05-03 08:45:00,123,spring,10.200000000000001,13.75,0.24,0.012289156626506025,1.4,1.6,4.4,30.200000000000003,44.2,68.60000000000001,118,35.12541125,3.711320817,2.264339583,0.1275684272112676,1.6347552232291667,3.4778426148854167,6.823187644541096,14.941645572821384,0.23241148828551236,142.1651029887792,208.3028970066519,3.109180270723203,2.474830184905489e-4,10.0111875,109.654,-0.16490909090909092,-0.15733333333333333,0.030636363636363628,0.0941212121212121,-0.19539227062289563,-0.2597666245791246,-0.1693687105429293,-0.2210110516624579,1.75,NO,8e-4,18.398090520833332,518.7890625,11.809895833333334,0.369875,18.55302208333333,496.1453125,NA,NA,8.25934940625,493.5395833333333,8.140625,0.32149479166666667,19.298604739583332,92.87557291666667,10.063020833333333,0.540765625,-0.6283886625,115.42604166666666,8.607291666666667,0.40484895833333334,-0.40826068177083336,-259.2234375,7.700520833333333,0.3746510416666667
Hungerford,2018-05-04 19:00:00,124,spring,3.4,3.5833333333333335,0.27999999999999997,0.015454545454545453,5.4,11.6,11.6,13,44.400000000000006,77.60000000000001,113.80000000000001,15.265808749999998,2.898773285,0.7490922969999998,0.12484871616666664,2.7239431255729167,2.365133650708333,5.33682485860274,13.595923564081843,0.14696081126343608,204.57819333625352,126.44877453246731,2.0752770572942705,0.03789530426572291,33.280965277777774,92.41933333333334,-0.16677777777777777,-0.18466666666666667,0.0032222222222222374,0.03733333333333333,-0.17252693181818182,-0.20629040404040405,-0.17961782880892255,-0.229248992003367,0.010416666666666666,NO,0.1176,18.1408625,518.975,14.05,0.377,17.268929999999997,486.75,NA,NA,7.4962475,479.275,9.8,0.33075,16.48084,86.35,11.925,0.54,-0.7643335,92.2,10.4,0.405,-0.5054743500000001,-297.9,9.2,0.372
Hungerford,2018-05-15 09:00:00,135,spring,8.4,5.833333333333333,0.12,0.023661971830985916,0,0,0,0,0,15.200000000000001,98,8.4,0.742126684,0.30453982700000004,0.019033739187500003,0.4641399670625,0.5091941543489583,2.040090187181507,NA,NA,NA,9.7114225013234865,2.122381120421303,0.015374085246417363,5.7809375,8.575638888542674,-0.34844444444444445,-0.461,0.12355555555555553,0.16099999999999998,-0.46521875210437713,-0.6108028198653198,-0.41776643676346803,-0.5658232060185185,9.239583333333334,NO,0.0241,18.5521671875,492.01588541666666,12.967447916666666,0.33567708333333335,18.628607734375,541.3286458333333,NA,NA,18.73527125,509.79114583333336,11.312760416666666,0.30445833333333333,18.858325052083334,109.0984375,12.2671875,0.43381770833333333,15.828267864583333,-122.343515625,11.511979166666666,0.36216145833333335,5.869781655989583,520.3455729166667,10.880729166666667,0.369234375
Hungerford,2018-05-20 06:30:00,140,spring,8.200000000000001,18.083333333333332,0.16,0.007522935779816514,0.2,0.2,0.2,0.2,8.6,8.6,90.8,8.39,0.562786674,0.19891984700000004,0.012833538516129036,0.3505972710520833,0.413157885546875,1.7453257647123288,3.047118172696466,4.249868237074521e-4,15854.990905127179,9.961263249580082,1.6976076019132904,2.4350000000000036e-4,5.716263888888889,8.188666666666666,-0.3739090909090909,-0.502,0.08909090909090911,0.12590909090909086,-0.4788940446127946,-0.6438077651515152,-0.4482428101325758,-0.5826409669612794,3.03125,NO,0.0124,18.57169253472222,492.47256944444445,13.619791666666666,0.3273715277777778,18.612088298611113,547.7899305555555,NA,NA,18.650488993055557,523.5430555555555,12.28298611111111,0.29291666666666666,19.014689548611113,62.80861111111111,12.991666666666667,0.4263923611111111,16.778388229166666,-241.87118055555555,12.334375,0.32129166666666664,12.832609166666666,491.0597222222222,11.680902777777778,0.36794444444444446
Hungerford,2018-05-26 07:30:00,146,spring,13.6,45.583333333333336,0.64,0.004963503649635036,0,0,0.8,1,9.4,17.8,89,14.448801249999999,0.540681238,0.26732463500000003,0.01645074676923077,0.2754959216875,0.31971913680208336,2.53958220010274,3.661397792070274,0.0010080105447020273,8032.190598288898,24.61658119331172,1.4289131666840276,2.4350000000000036e-4,8.850395833333334,14.327333333333334,-0.398,-0.49036363636363633,0.19599999999999995,0.25663636363636366,-0.5873679008838384,-0.7704740793350169,-0.5339259098800505,-0.7115557946654041,4.052083333333333,NO,0.0067,18.299435859375,494.3015625,15.2296875,0.322046875,18.352590755208332,554.43203125,NA,NA,18.4274871875,535.0802083333333,12.984895833333333,0.2810416666666667,18.844027447916666,-24.9543984375,14.083333333333334,0.4095989583333333,17.387842526041666,-181.09322916666667,13.084895833333333,0.3135390625,16.475139296875,496.3372395833333,12.301302083333333,0.3661536458333333
Hungerford,2018-06-30 21:30:00,181,summer,11.6,44.583333333333336,0.44000000000000006,0.004328358208955224,0,0.8,9.600000000000001,9.600000000000001,21.400000000000002,41.6,57.4,19.866899999999998,0.51907487,0.399792088,0.025383624634920634,0.12762580684375,0.12425034347395833,1.3722804947671232,NA,NA,NA,NA,NA,NA,NA,NA,-0.607,-0.35024,0.43300000000000005,0.6699418181818183,-1.0230739688552188,-0.9965602904040404,-1.0030423153409092,-0.98611093381734,31.979166666666668,MP,0.0543,18.196828333333332,503.8364583333333,19.257291666666667,0.21414322916666667,18.49761703125,560.8307291666666,NA,NA,18.624489088541665,486.6578125,16.489583333333332,0.199125,18.988547265625,475.25390625,16.9421875,0.3827760416666667,18.195764635416666,508.12317708333336,16.17890625,0.307703125,17.58797567708333,515.9783854166667,15.551041666666666,0.3511328125
Hungerford,2018-07-25 19:00:00,206,summer,48.6,36.666666666666664,0.76,0.022040816326530613,0,0.2,0.6000000000000001,1.6,1.6,13,57.800000000000004,49.937956250000006,0.3997671,0.32487033099999996,0.019395243641791043,0.07527249673958333,0.07460354638671875,0.9859835761438356,0.8726927454641451,0.21245282984896546,9.083453784939111,19.66015345754189,0.24588554164404633,0.06859736551549415,6.110861111111111,37.17466666666667,-0.7066363636363636,-0.41099454545454545,0.6603636363636364,0.7290054545454545,-1.3625576599326599,-1.140342276936027,-1.358751630892256,-1.1393377788299663,22.479166666666668,MP,0.1715,18.12646557291667,523.4223958333333,22.266666666666666,0.15215364583333332,18.605306432291666,582.98046875,NA,NA,18.531870104166668,464.24583333333334,19.52734375,0.1554375,19.28875580729167,493.48854166666666,18.596354166666668,0.3592578125,19.032687708333334,511.55572916666665,17.850260416666668,0.3001171875,17.958004661458332,538.5458333333333,17.2265625,0.3397838541666667
Hungerford,2018-08-08 19:15:00,220,summer,42.8,11.75,1,0.06028169014084507,0,0.8,2.6,2.6,17.2,68,83,45.065275,0.680889898,0.603100299,0.05610235339534883,0.07997085386458333,0.08352034514583333,0.977851422739726,1.0993069557792536,0.14480197052592947,16.7879114322735,32.42490864190048,0.19335763128133993,0.02070168800352736,7.561208333333333,62.59533333333333,-0.572,-0.331,0.5214545454545455,0.7675454545454545,-1.088099957912458,-1.089676872895623,-1.057719696969697,-1.0482903777356902,11.78125,NO,0.2717,17.872843203125,552.7072916666667,22.67734375,0.17663802083333333,18.174732890625,596.1669270833333,20.80392156862745,0.12074509803921568,18.00532765625,477.58177083333334,20.43828125,0.15652604166666667,18.633159088541667,489.4140625,19.657552083333332,0.3812317708333333,18.10308080729167,505.1653645833333,19.061197916666668,0.3054661458333333,17.718332760416665,506.9015625,18.442708333333332,0.34748697916666665
Hungerford,2018-10-02 13:45:00,275,fall,28.400000000000002,32.083333333333336,0.16,0.014715025906735752,3,3,3.6,8.8,41,59.4,101.8,35.9998575,0.350038974,0.221244265,0.0100565575,0.10412573258333334,0.10789196366666667,1.0226933836232877,0.5606472008856613,0.056629569308805916,21.892661640607614,NA,0.343583777186759,0.044593034681402896,6.691173611111111,13.142666666666667,-0.541,-0.4390909090909091,0.18745454545454543,0.007909090909090921,-0.8670854945286196,-0.8372552662037037,-0.8772308643728957,-0.8728756904987374,53.083333333333336,NO,0.0307,18.499219010416667,552.0377604166666,14.602864583333334,0.14664322916666667,18.638400546875,588.5643229166667,15.37109375,0.1544921875,18.213409713541665,520.9859375,15.46015625,0.1479661458333333,19.778020494791665,517.61484375,14.43359375,0.38998958333333333,19.507430234375,546.434375,14.851302083333334,0.306828125,19.07683375,520.8505208333333,14.976822916666666,0.3511614583333333
Hungerford,2018-10-11 10:00:00,284,fall,20.2,46.333333333333336,0.4,0.0072531418312387795,0,1.2000000000000002,1.2000000000000002,3.2,8.200000000000001,45.400000000000006,110.4,22.9120125,0.527657697,0.39691102199999995,0.01804141009090909,0.12558946817708333,0.13621833717708334,1.382928395260274,1.6284439747464858,0.1471202840424544,24.476675615486215,12.255064724193657,0.7115715076271338,0.03638681169745451,4.172215277777778,18.865333333333332,-0.449,-0.43727272727272726,0.184,0.21072727272727276,-0.6682122264309764,-0.7771451346801347,-0.6418505366161616,-0.7356524663299663,6.84375,NO,8e-4,18.114279817708333,508.146875,15.268489583333333,0.20935677083333334,18.304567994791668,556.0536458333333,14.614322916666666,0.177296875,17.953628411458332,496.8041666666667,14.448958333333334,0.16886197916666668,19.588506302083335,496.28229166666665,13.45390625,0.3940234375,19.499015364583332,528.984375,13.593489583333334,0.3062265625,19.335965052083335,502.76666666666665,13.665104166666666,0.3607916666666667
Hungerford,2018-10-27 22:00:00,300,fall,18.8,53.75,0.16,0.005820433436532508,0,0,4.4,11.8,12.200000000000001,16,81.60000000000001,28.599796249999997,0.313564268,0.16237950899999998,0.0031077417990430616,0.1433313375625,0.15011651275260418,1.2305737858767123,1.773687621744762,0.47078439339244116,8.33119391413481,15.599274336113288,1.0023392297204676,0.0022724887004180795,3.8659166666666667,53.41866666666667,-0.447,-0.4661818181818182,0.09600000000000003,0.022818181818181793,-0.6157969276094276,-0.6967483038720539,-0.6305065761784512,-0.7119611710858585,14.229166666666666,NO,0.0015,19.098153880208333,525.39609375,5.673958333333333,0.2670677083333334,19.072002552083333,558.4604166666667,8.233333333333333,0.18462760416666665,18.717482109375,512.2510416666667,8.336458333333333,0.20143229166666668,20.410458802083333,525.8934895833333,8.271354166666667,0.39880989583333337,20.198754583333333,542.1192708333333,9.497395833333334,0.3100911458333333,19.836491875,501.1354166666667,10.230729166666666,0.3626848958333333
Hungerford,2018-11-01 18:45:00,305,fall,49.6,52,0.12,0.015872,7,7,10.600000000000001,13,25.8,38,87.8,61.291365,6.037718507,5.611680483,0.1105749848866995,0.39500176138541665,0.3254987524609375,15.639265607424658,92.91506111048734,3.2526156105935087,63.169223761342295,914.6495007709808,2.4694000905102618,0.017210534920312007,3.8711180555555558,231.39466666666667,-0.23044444444444445,-0.25477777777777777,0.194,0.20711111111111113,-0.4348603745791246,-0.47728031776094276,-0.46030776515151517,-0.49601206465698655,2.5729166666666665,MP,0.0612,18.776723368055556,511.4173611111111,6.451736111111111,0.2974236111111111,18.875291770833332,539.5288194444445,7.858333333333333,0.20477083333333335,18.588401215277777,475.98645833333336,7.78125,0.21770138888888887,20.148780729166667,519.5173611111111,7.761111111111111,0.47443402777777777,20.082830798611113,535.3295138888889,8.552777777777777,0.36310763888888886,17.936865868055555,498.1045138888889,9.063888888888888,0.36728125
Hungerford,2018-11-06 16:00:00,310,fall,5.6000000000000005,8.166666666666666,0.08,0.011313131313131313,1.2000000000000002,1.2000000000000002,21.6,27.6,57.800000000000004,88.4,114,29.117487499999996,1.394177891,0.548954357,0.049904941545454544,0.9081699114791667,1.9111885131223958,3.855860723609589,24.086353335787585,0.20721800828763287,257.0370470659744,30.257952432640014,6.6238012242219915,0.023342861616118996,5.707055555555556,13.082666666666666,-0.336,-0.36236363636363633,0.007000000000000006,0.04463636363636364,-0.3808382786195286,-0.4562995580808081,-0.33293592171717173,-0.38104164299242427,1.1145833333333333,NO,0.043,18.653614270833334,525.209375,6.180208333333334,0.32884375,18.850515104166668,530.23125,7.1625,0.30307291666666664,18.468419166666667,493.76979166666666,7.001041666666667,0.3055104166666667,20.1322515625,504.0677083333333,7.105208333333334,0.5243333333333333,16.1963325,516.0291666666667,8,0.3684375,13.633112395833333,492.359375,8.619791666666666,0.3683958333333333
Hungerford,2018-11-09 22:45:00,313,fall,18.8,17.25,0.08,0.01807692307692308,0,0,5.2,6.4,32.4,82.2,118.4,24.2357575,2.97838915,2.45931428,0.14682473313432837,0.5459334845833334,0.8295496154609375,7.159219765746576,40.110324621517265,0.7960216402481005,111.42521167438869,136.69023555063714,5.856691357410111,0.005495203005954441,4.886972222222222,45.122,-0.267,-0.29,0.09636363636363632,0.16581818181818186,-0.41072969276094273,-0.4977909880050505,-0.38264334648569026,-0.45790974878998314,1.2916666666666667,NO,0.0027,19.0414275,521.3270833333333,5.884375,0.33015625000000004,19.023427916666666,549.434375,7.872916666666667,0.3010833333333333,18.7009409375,505.84583333333336,7.70625,0.305,20.566204583333334,499.0864583333333,7.667708333333334,0.47440625000000003,19.199168645833332,504.60520833333334,8.45625,0.36946875,9.686435104166666,531.7354166666667,8.836458333333335,0.36804166666666666
Hungerford,2018-11-13 10:15:00,317,fall,7.6000000000000005,15,0.08,0.008397790055248619,0,0,12.8,18.8,24.400000000000002,82.2,117,23.4614375,1.462271829,0.7912991850000001,0.0688086247826087,0.6981827831770834,1.151776101734375,2.9653478671952054,NA,NA,NA,18.572806380879626,5.487609091600929,9.206547810836429e-4,3.8800555555555554,9.552666666666667,-0.283,-0.3000909090909091,0.05536363636363639,0.12372727272727274,-0.3589439183501683,-0.43924736952861954,-0.3403773937289562,-0.4008728046085859,1.0208333333333333,NO,6e-4,19.1542103125,530.0270833333333,2.96875,0.3329375,19.1716875,555.140625,5.4750000000000005,0.3061875,18.73507875,505.6770833333333,5.416666666666667,0.30834374999999997,20.562656145833333,485.47291666666666,5.378125,0.5287916666666667,17.718092604166667,494.225,6.7625,0.371,7.7050183854166665,489.8833333333333,7.695833333333334,0.37
Hungerford,2018-11-25 06:30:00,329,fall,12.8,97,0.08,0.002197424892703863,1,1,1,1,1,23.200000000000003,124.2,13.75,3.621105828,3.29781848,0.07994711466666667,0.3036004091875,0.3390586754661458,15.403206555123287,73.70495668681839,7.171310086855625,22.7274315747286,504.80759766493236,3.7690200040166304,2.435000000000004e-4,3.8323472222222223,111.43066666666667,-0.20454545454545453,-0.23945454545454545,0.1772727272727273,0.2487272727272727,-0.401888468013468,-0.5064837962962964,-0.4099762084385522,-0.5086151499368687,10.166666666666666,MP,5e-4,19.215539791666668,485.27578125,1.8921875,0.3339375,19.225433567708333,527.5190104166667,3.6611979166666666,0.299421875,18.901016067708333,495.621875,3.4625,0.3089375,20.566430755208334,464.48463541666666,3.8544270833333334,0.45359375,20.172904765625,478.7484375,4.97109375,0.373078125,7.814353666666666,535.7716145833333,5.677083333333333,0.3716744791666667
Hungerford,2019-03-22 12:30:00,81,spring,4.800000000000001,9.666666666666666,0.04,0.008205128205128205,1.4000000000000001,1.4000000000000001,1.4000000000000001,1.4000000000000001,2,13.200000000000001,25.200000000000003,6.130000000000001,3.49970642797391,0.37615411555603995,0.07523082311120799,0.6790534285912502,0.5434474007728125,4.947640899727636,NA,NA,NA,NA,NA,NA,NA,NA,NA,NA,NA,NA,NA,NA,NA,NA,NA,NO,0.0578,18.515993541666667,532.54375,0.17500000000000002,0.16341666666666668,17.759885625,562.7708333333334,0.3,0.04,17.891300833333332,492.6666666666667,0.19791666666666669,0.20335416666666667,20.063085625,545.5125,1.1041666666666667,0.5393541666666667,19.830024375,543.775,1.73125,0.3871041666666667,7.981288083333333,503.52708333333334,2.1,0.38497916666666665
Hungerford,2019-03-23 11:15:00,82,spring,NA,NA,NA,NA,NA,NA,NA,NA,NA,NA,NA,NA,2.97618913757585,0.61388089997569,0.058464847616732374,2.9359033462775757,1.1304212302022063,5.6060693100831385,NA,NA,NA,NA,NA,NA,NA,NA,NA,NA,NA,NA,NA,NA,NA,NA,0.14583333333333334,NO,0.123,18.42256,486.5,0.225,0.169,18.3393275,557.475,0.3,0.047,18.8775175,463.975,0.2,0.2175,20.244680000000002,533.125,1.175,0.5395000000000001,19.94593,524.05,1.725,0.388,6.72241575,466.225,2.1,0.38525
Hungerford,2019-03-24 13:00:00,83,spring,18,4.583333333333333,0.12,0.0642857142857143,0,4.800000000000001,6.2,6.2,6.2,18,25.200000000000003,23.532325,2.77137381717116,0.41703116658850004,0.10425779164712501,2.6928228101853593,1.691232234710744,4.9798755322999035,NA,NA,NA,NA,NA,NA,NA,NA,NA,NA,NA,NA,NA,NA,NA,NA,0.020833333333333332,NO,0.3967,17.8196375,468.25,0.225,0.173,19.062845,539.75,0.3,0.047,19.15794,432.5,0.2,0.23175,20.41452,534.225,1.2,0.5397500000000001,20.094252500000003,525.375,1.8,0.38875000000000004,5.30513275,518.275,2.1,0.38525
Hungerford,2019-03-25 12:30:00,84,spring,0.2,0,0.04,NA,18,18,21.6,24.2,24.2,28.400000000000002,43.2,22.504266249999997,2.69346792610361,0.5029027294305197,0.12572568235762993,2.5734034071915985,2.2258523165881625,3.6554977609720325,NA,NA,NA,NA,NA,NA,NA,NA,NA,NA,NA,NA,NA,NA,NA,NA,0.010416666666666666,NO,0.3075,16.984995,515.7249999999999,0.275,0.176,18.139265,574.225,0.325,0.04525,18.82071,475.475,0.2,0.239,20.5722575,535.075,1.2,0.54,20.21094,514.1,1.8,0.38975000000000004,4.7012815,522.5,2.1,0.386
Hungerford,2019-03-26 06:15:00,85,spring,NA,NA,NA,NA,NA,NA,NA,NA,NA,NA,NA,NA,2.91298028694379,0.7071042525969,0.13468652430417144,2.4783694719821265,2.594537891928333,1.2874808891701202,NA,NA,NA,NA,NA,NA,NA,NA,NA,NA,NA,NA,NA,NA,NA,NA,0,NO,0.0263,16.36789,526.4,0.3,0.17825,18.3577875,582.35,0.35,0.044,19.041762499999997,492.04999999999995,0.2,0.247,20.84724,517.95,1.2,0.539,20.2582875,490.975,1.8,0.38775000000000004,4.193679250000001,511.775,2.1,0.3855
Hungerford,2019-03-26 13:00:00,85,spring,NA,NA,NA,NA,NA,NA,NA,NA,NA,NA,NA,NA,2.55805825380299,0.37512589143280994,0.09378147285820249,2.4600193028739388,2.666103154216464,2.438644194136536,NA,NA,NA,NA,NA,NA,NA,NA,NA,NA,NA,NA,NA,NA,NA,NA,0.010416666666666666,NO,0.3101,16.0691775,525.85,0.275,0.179,18.28499,581.5,0.35,0.045,19.1158575,493.3,0.2,0.249,20.760815,527.675,1.2,0.5385,20.368032499999998,498.625,1.8,0.387,4.1174115,523.5,2.1,0.38525
Hungerford,2019-03-27 03:45:00,86,spring,NA,NA,NA,NA,NA,NA,NA,NA,NA,NA,NA,NA,2.73659404398234,0.64408396461064,0.09201199494437715,2.3253988211014933,2.523032056970484,1.740350855022523,NA,NA,NA,NA,NA,NA,NA,NA,NA,NA,NA,NA,NA,NA,NA,NA,0.09375,NO,1e-4,15.82164,527.4,0.3,0.18025,17.884439999999998,583.4,0.375,0.046,18.8748775,498.54999999999995,0.2,0.255,21.10632,518.5250000000001,1.2,0.538,20.437745,486.05,1.775,0.38625,4.25118725,517.95,2.1,0.385
Hungerford,2019-03-27 13:00:00,86,spring,NA,NA,NA,NA,NA,NA,NA,NA,NA,NA,NA,NA,2.42658077612899,0.4584829720085799,0.1528276573361933,2.296249215559261,2.504851956641485,2.2112564177717995,NA,NA,NA,NA,NA,NA,NA,NA,NA,NA,NA,NA,NA,NA,NA,NA,0.010416666666666666,NO,0.4268,19.223515,527.05,0.275,0.182,18.9812375,581.95,0.35,0.047,19.50899,499.5,0.2,0.2585,20.76268,530.55,1.2,0.5375000000000001,20.5026175,498.7,1.8,0.385,5.9402555,533.7,2.1,0.38475000000000004
Hungerford,2019-03-28 09:15:00,87,spring,2.4000000000000004,27.583333333333332,0.08,0.0014457831325301205,0,0,0,0.2,23,25.6,38.800000000000004,2.5629012500000004,8.34093944019753,6.58194795550232,0.18805565587149486,2.153683335107965,2.381350734659846,20.282099199377207,NA,NA,NA,NA,NA,NA,NA,281.1446666666667,-0.638,-0.29409090909090907,NA,NA,NA,NA,NA,NA,0.34375,NO,0.2855,19.1168325,527.475,0.3,0.18325,19.472405000000002,581.175,0.4,0.048,19.402625,507.425,0.2,0.262,20.611925,518.7,1.175,0.5387500000000001,20.2942225,485.975,1.725,0.38625,6.911638,527,2.1,0.3845
Hungerford,2019-03-30 15:45:00,89,spring,10.6,4,0.12,0.043265306122448985,0.2,2.4000000000000004,2.4000000000000004,2.4000000000000004,20.6,26.8,41.2,12.7755,9.31432113458902,5.66348011794296,0.22882747951284688,5.404253841299833,3.5509009325321466,26.938151894197766,39.300499277202036,1.7119696994351565,50.763804087041244,3332.3825648399793,1.4689999275530017,0.11344873414831763,100.36814583333333,473.56,-0.6566363636363637,-0.3292727272727273,0.03669696969696956,0.05594949494949497,-0.6928831018518519,-0.3673499579124579,-0.6775982823155412,-0.34877759677998255,0.041666666666666664,NO,0.0866,18.611784999999998,543,0.3,0.185,16.672335,580.45,0.4,0.054,17.99243,500.42499999999995,0.2,0.269,20.1536625,504.675,1.1,0.54,18.7556425,468.6,1.725,0.39,6.6741779999999995,481.4,2.025,0.385
Hungerford,2019-04-02 08:45:00,92,spring,1.6,3.75,0.08,0.006956521739130435,0,0,4.4,10.6,13,37.4,51.6,10.42238875,4.13697307439294,1.53702295177238,0.04044797241506263,3.6474721434118518,5.229384464005893,18.655893569227274,30.28130191555839,0.0449310877047717,1490.3208466638102,328.48437420270216,1.735441473126588,0.0015304951728854041,31.104694444444444,52.190666666666665,-0.698,-0.4008888888888889,0.034545454545454546,0.05065656565656568,-0.7234093728956229,-0.4307336574074074,-0.6984656902356903,-0.3814520643939394,0.020833333333333332,MP,0.2361,19.30643,535.075,0.325,0.239,18.998525,575.275,0.4,0.071,18.4905225,504.35,0.2,0.307,20.665835,499.225,1.1,0.5365,19.4550625,463.575,1.7,0.387,3.42187925,528.6,2,0.384
Hungerford,2019-04-05 08:15:00,95,spring,2,6.416666666666667,0.04,0.005128205128205129,0,0,1.6,1.6,12.4,32.800000000000004,50.800000000000004,3.3718,2.90401298734983,0.8852081790015802,0.02360555144004214,2.7990756000939894,3.291355478806129,11.514341546881909,21.414240001721492,0.0020816828055961172,22747.845823667227,100.23282979315117,1.5340879452120935,3.06732490542864e-4,11.303513888888888,11.991333333333333,-0.7324444444444445,-0.4314545454545454,0.03311111111111109,0.047656565656565675,-0.7429471801346801,-0.45142887205387205,-0.7268958775252525,-0.43456441182659933,0,MP,0.2302,19.6041475,542.85,0.35,0.275,19.0196725,586.825,0.45,0.078,19.0117875,514.15,0.2,0.311,20.8983925,481.3,1.1,0.536,20.4082375,439.825,1.7,0.386,1.8836045000000001,543.3,2,0.383
Hungerford,2019-04-07 13:45:00,97,spring,13.600000000000001,56.666666666666664,0.12,0.003994126284875184,0,1.8,2,2,3.6,16.8,52.800000000000004,15.395975,4.97967033427245,2.4878406758299003,0.04585881430101199,2.724594037443599,2.8556656176982695,28.73437785203534,75.60743674883793,1.290956124802991,129.5105649485948,796.2525028914664,2.014421571918779,2.5070729522317373e-4,8.411479166666666,103.53066666666666,-0.7,-0.3900909090909091,0.04345454545454552,0.06136363636363634,-0.7431285774410774,-0.4474212962962963,-0.7393988320707071,-0.4491590119949495,0,MP,0.3661,18.3018675,537.15,0.525,0.39275000000000004,18.1952175,584.7,0.4,0.091,18.528305,500.775,0.2,0.312,20.148935,459.675,1.05,0.5377500000000001,20.1852775,416.575,1.7,0.391,2.1812245,520.875,2,0.385
Hungerford,2019-04-12 14:30:00,102,spring,2.4,0.4166666666666667,0.12,0.08,0,0,1,6.6000000000000005,14.600000000000001,28,57.2,7.81861,2.78885680334686,0.8636430524156702,0.04264903962546519,2.0600360010666243,3.256519343319732,9.586551876978655,20.242643173275702,0.09073355320231787,493.34583544493483,113.7212909228658,2.742492723427087,0.002051777177692896,7.508152777776414,42.34133333333333,-0.7,-0.384,0.02200000000000002,0.035999999999999976,-0.7287109638047138,-0.4242026515151515,-0.7218496327861953,-0.41482063762626264,0.8645833333333334,NO,0.2183,18.778455520833333,545.4072916666667,1.6666666666666667,0.3907916666666667,17.972126770833334,579.3916666666667,0.43854166666666666,0.1432395833333333,17.441437291666666,507.43125,0.3,0.326875,20.225908645833332,434.7239583333333,1.1208333333333333,0.5395520833333334,20.185641041666667,398.17291666666665,1.7,0.392,0.9111059979166667,547.1020833333333,2,0.3848020833333333
Hungerford,2019-04-14 18:15:00,104,spring,11.200000000000001,25,0.2,0.007441860465116279,0,2.4,2.4,2.4,16,20,57,13.366000000000001,3.85798735104459,1.9185382065102399,0.12377665848453161,2.2191446098674095,2.3669564161285943,10.394642749975572,24.121641073244998,0.30852950141434826,172.88699228729845,252.84057918150347,1.8572919931744007,0.0032292431365914657,9.797458333333333,122.14733333333334,-0.682,-0.366,0.024454545454545396,0.03545454545454546,-0.714372159090909,-0.4096934974747475,-0.7198833385942761,-0.41269938973063974,0.0625,NO,0.0041,18.432975,557.025,4.4,0.3835,18.6851025,592.525,0.5,0.2185,15.44619,520.375,0.7,0.333,19.727635,375.875,2.6,0.536,19.0676375,362.175,2.4,0.388,0.681710025,472.675,2.375,0.38175000000000003
Hungerford,2019-04-19 20:00:00,109,spring,22.400000000000002,22.166666666666668,0.24,0.016779026217228467,0.2,1,1,1.4000000000000001,14.600000000000001,30.200000000000003,69.2,23.637802500000006,6.37668908078291,4.75622552242092,0.4135848280366017,1.6335561810990282,1.9233531573194913,13.166803976191888,32.372753459705926,1.0055561498321393,71.1910631706887,1168.5554650285528,2.3705665955618405,0.0015567586402163557,6.066416666666667,350.5106666666667,-0.646,-0.328,0.08081818181818179,0.08290909090909088,-0.7314186658249158,-0.4229207702020202,-0.7238782736216329,-0.4202751354692761,3.1770833333333335,NO,4e-4,18.317451631944444,548.1725694444444,5.377083333333333,0.3777638888888889,18.814520868055556,568.1940972222222,0.9649305555555555,0.2069513888888889,12.50142673611111,508.2972222222222,2.107638888888889,0.3266145833333333,19.67927871527778,312.5732638888889,3.060416666666667,0.5371631944444445,13.213201701388888,343.3590277777778,2.729861111111111,0.3853784722222222,0.20317229159722222,497.9447916666667,2.621875,0.3805104166666667
Hungerford,2019-04-23 23:00:00,113,spring,7.2,27.25,0.08,0.004390243902439025,0,0,0,22.400000000000002,23.400000000000002,38,67.4,25.44494,2.22895531561779,0.5367300586640902,0.018668871605707484,1.773097157713682,2.7518317293000134,8.42634431536082,18.002586488150122,0.39946303925402343,99.65761041214101,84.9019452533505,2.464044509374213,0.0035176147640812836,9.48681060605778,20.720666666666666,-0.708,-0.392,0.0174545454545455,0.03409090909090906,-0.7324732744107744,-0.4284369739057239,-0.7178789720117845,-0.40063702125420875,2.2708333333333335,MP,0.0071,18.2321465625,542.0567708333333,9.933333333333334,0.38369270833333335,18.364621354166665,553.4682291666667,5.9125,0.24869270833333335,11.460006177083333,484.93645833333335,5.3703125,0.3250885416666667,19.590982083333333,254.94114583333334,6.200520833333333,0.5357135416666667,5.664682567708334,308.78489583333334,5.040625,0.3806145833333333,0.5010829880208333,438.7838541666667,4.321875,0.377765625
Hungerford,2019-04-26 11:45:00,116,spring,26.400000000000002,32.166666666666664,0.12,0.013643410852713178,0,3,7.2,7.2,29.6,44.2,74.4,32.708475,7.50416577988185,5.83168617640437,0.20827450630015606,1.8210324000379956,1.8964362412331104,17.46771321757014,47.835744194069896,1.2097972100371284,87.43637047132576,1568.2544060231346,2.258431152495813,0.0016415557403630485,7.549111111111111,262.206,-0.648,-0.318,0.06954545454545447,0.08200000000000002,-0.7240384848484849,-0.4085678409090909,-0.7256168223905723,-0.4122166629840067,0.3645833333333333,NO,0.1209,18.14177,528.175,7.1,0.39175000000000004,18.1824375,553.75,6.3,0.233,9.07748225,516.975,5.775,0.32375,19.485145,220.775,6.2,0.535,1.9766635,149,5.925000000000001,0.377,-0.059502807500000005,498.8,5.574999999999999,0.37525
Hungerford,2019-05-01 21:15:00,121,spring,16.8,57.25,0.08,0.004883720930232558,0,0,0,0.4,28,57,87.8,17.1258025,3.43041002334737,1.95434522846946,0.04136180377713143,1.5428242335173905,2.1943469533766184,20.038983544398928,52.51535444967633,0.27071487867432875,428.96942712799876,227.79925184549222,2.6524510409732702,2.297784797646611e-4,6.2874791666666665,39.48733333333333,-0.6995555555555555,-0.3635555555555555,0.06635353535353539,0.1292626262626263,-0.7592115951178451,-0.4807626262626263,-0.7331529356060605,-0.4267662563131313,2.9583333333333335,MP,8e-4,18.86305951388889,462.90208333333334,7.029861111111111,0.3843506944444445,18.48438277777778,540.3604166666667,5.961805555555555,0.22794791666666667,16.33596717013889,495.5756944444444,5.653819444444444,0.32272222222222224,20.14130777777778,176.83097222222221,5.862847222222222,0.5352569444444445,4.2254515625,76.51243055555555,5.731597222222222,0.37836458333333334,0.42732676555555554,452.7371527777778,5.584722222222222,0.37571875
Hungerford,2019-05-07 06:45:00,127,spring,7,5.166666666666667,0.12,0.022222222222222223,0,0,0.4,8.6,16.8,50.400000000000006,101,14.021901249999999,1.93232404227781,0.43785566917474017,0.03368120532113386,1.5931434867151948,2.14965220089397,3.8959617733023446,8.391508631253293,0.017489514484137016,1060.997736807507,25.754873039857877,2.704355292858714,0.017177047120106002,5.423583333333333,9.828000000000001,-0.72706,-0.39490909090909093,0.04249555555555551,0.09153535353535353,-0.7522050715488215,-0.46386752946127946,-0.7289392624158249,-0.4143457228535354,0.7708333333333334,NO,0.0243,17.800739375,187.3875,13.333333333333334,0.3738854166666667,17.780447916666667,526.0645833333333,9.386458333333334,0.221375,17.385408854166666,481.38958333333335,8.795833333333333,0.3250416666666667,19.07549145833333,133.3625,8.436458333333333,0.5326666666666667,6.32833534375,-42.96208333333333,7.335416666666666,0.3736041666666667,0.6245158072916667,461.70520833333336,6.667708333333334,0.37295833333333334
Hungerford,2019-05-10 01:15:00,130,spring,43.800000000000004,21.083333333333332,0.2,0.034488188976377954,0,0,7,7,15.8,50.2,95.4,49.801625,10.1842475224486,8.963423896512841,0.5351297848664383,1.2469116210282627,1.512923428179072,17.06575356606748,38.53022171916397,3.006642356291243,28.338176582813958,NA,2.246735529074471,0.001518707867532403,3.859875,128.6786666666667,-0.5612727272727274,-0.17618181818181816,0.2006363636363635,0.29872727272727273,-0.785988005050505,-0.5018546927609427,-0.7568168736847644,-0.45657554450757576,1.6041666666666667,NO,0.0106,17.439212395833334,163.825,10.8640625,0.3726510416666667,18.771408541666666,531.9390625,9.671354166666667,0.2205625,10.622320291666666,480.87864583333334,9.152604166666666,0.3239635416666667,19.055274114583334,138.95208333333332,8.515104166666667,0.5323958333333334,10.416154447916666,95.1728125,8.006770833333333,0.371578125,4.314480229166667,208.00104166666665,7.415104166666667,0.3721875
Hungerford,2019-05-13 22:00:00,133,spring,18.2,34.333333333333336,0.12,0.008813559322033898,0,0,2,43.800000000000004,50.800000000000004,67.60000000000001,135.8,53.961111249999995,4.20292033095105,2.5565647989049705,0.2175799828855294,1.7848162459738484,3.384016641226145,13.011240696146446,35.937281784528174,0.24886535073885868,319.3250257473267,315.4251793773606,3.211666308726521,5.252812228153927e-4,8.173729166666666,114.16933333333336,-0.697,-0.34954545454545455,0.049000000000000044,0.09845454545454546,-0.7454906355218855,-0.4342418981481481,-0.7197281026409933,-0.3866387450021044,2.2291666666666665,NO,0.0015,16.655010572916666,73.8759375,10.518229166666666,0.37515625,17.917148229166667,540.721875,9.5859375,0.227671875,-0.3367636418229167,493.7682291666667,9.151041666666666,0.32297916666666665,11.80571,130.61875,8.8328125,0.5331770833333334,3.49862753125,136.73854166666666,8.386458333333334,0.37193229166666664,0.8048431416666667,68.74536458333333,7.9578125,0.3705
Hungerford,2019-05-17 07:00:00,137,spring,3.4000000000000004,3.25,0.04,0.017,0,0.2,9.6,18.2,59.4,77.60000000000001,142.8,18.64457875,1.83412452070393,0.23292791542266,0.027403284167371766,1.7441391706880982,2.3245841151495568,3.404197926803298,9.333717063932154,0.00925584301375823,2229.9278788549777,17.752716296512713,3.185350561720012,0.011155311437548606,6.270902777777778,6.427333333333333,-0.6904444444444444,-0.402,0.004555555555555535,0.009999999999999953,-0.7150988499579124,-0.4238488078703704,-0.721783761311027,-0.4045041842908249,0.9479166666666666,NO,0.0461,16.70947,-93.06135416666666,12.34375,0.37435416666666665,18.357053958333335,540.0645833333333,10.296875,0.22719791666666667,-0.46383858854166665,489.43958333333336,9.784375,0.3218958333333333,5.591172604166666,120.35208333333334,9.590625,0.5324895833333334,0.8930720791666666,138.440625,8.878125,0.37065625,-0.313051590625,-88.43791666666667,8.340625000000001,0.3685104166666667
Hungerford,2019-05-19 07:00:00,139,spring,19.6,17.583333333333332,0.48,0.01849056603773585,0,3.4000000000000004,3.4000000000000004,3.6,21.6,72.4,145.20000000000002,22.831401250000003,5.66034343463635,4.32111190254055,0.17819018154806393,1.4404615011490227,1.7853678210974586,11.31034203982126,27.820921394125598,1.4079028415406636,43.69693635114899,1032.2764342781159,2.5101635637374415,9.543175571223301e-4,4.213854166666667,473.77066666666667,-0.65,-0.312,0.10799999999999998,0.198,-0.742266308922559,-0.4870908038720539,-0.7227792369002525,-0.4336028269675926,0.9895833333333334,NO,0.0179,17.066223333333333,-143.55,12.134375,0.37054166666666666,18.495269166666667,544.5270833333333,10.86875,0.22233333333333333,-0.5427015197916667,498.15520833333335,10.397916666666667,0.32033333333333336,4.598641625,115.30312500000001,10.229166666666666,0.5314791666666667,0.2541489552083333,134.67604166666666,9.463541666666666,0.36897916666666664,-0.4261145572916667,-213.825,8.814583333333333,0.3673958333333333
Hungerford,2019-07-12 00:00:00,193,summer,25.6,9.166666666666666,1.3599999999999999,0.04612612612612613,0,0,0,0,9.8,29,70.2,25.6,0.748351531528738,0.444576544330119,0.148192181443373,0.2595651751210084,0.29780434050532006,1.3930318388178111,2.226074505672132,0.4319312726669569,11.39665003486905,49.322950377078556,0.5044599304868631,0.031050734193563186,4.118041666666667,93.22533333333334,-0.984,-0.438,0.06099999999999994,0.009000000000000008,-1.3400648674242424,-1.0207738941498317,-1.3088795638678452,-1.0129608872579967,51.447916666666664,NO,6e-4,17.232532083333332,538.59921875,20.51640625,0.27793489583333336,17.24373234375,525.8674479166667,17.967708333333334,0.18009895833333334,17.347697213541668,535.0450520833333,18.489583333333332,0.2272734375,18.45599765625,497.43203125,17.15625,0.38238020833333336,16.421814791666666,503.31484375,16.65807291666667,0.3069375,13.932373619791667,486.453125,16.029947916666668,0.3386822916666667
Hungerford,2019-07-30 16:00:00,211,summer,29.8,1.1666666666666667,2,0.3973333333333333,0,8.6,8.6,8.6,8.6,17,57.6,37.5615,1.04450151218162,0.7542205057171079,0.12570341761951798,0.25308025806696915,0.23574038849206352,1.1652610565881703,1.1743193813927177,0.16461556269201774,15.77493226784471,61.014759003618906,0.11966007828907893,0.024247451126769737,4.446435515857735,153.4286666666667,-1.168,-0.4421818181818182,0.3720000000000001,0.7008181818181818,-1.5406751893939394,-1.142869739057239,-1.5358383049242423,-1.1417351641414142,17.4375,NO,0.1749,17.25963234375,590.5841145833333,21.710416666666667,0.19031770833333334,17.414510546875,572.1299479166667,19.108854166666667,0.10870572916666667,17.656814791666665,582.5080729166667,19.233072916666668,0.1864921875,18.32639770833333,489.8638020833333,17.866666666666667,0.3662239583333333,17.851090416666665,477.39296875,17.271354166666665,0.3017239583333333,16.32072609375,458.0182291666667,16.669270833333332,0.32313020833333334
Hungerford,2019-08-08 06:15:00,220,summer,49.6,29.416666666666668,0.76,0.0280225988700565,0,10,10,13.4,13.4,59.2,93.2,61.39432125,2.23297928271883,1.881624292764415,0.32723900743728956,0.3262615728704395,0.3030147153489559,3.349542755394654,6.397850675727593,0.6885571295199673,20.546898967830874,136.477679090563,0.0032178033214745275,0.0583325291056484,5.903611111111111,134.32933333333335,-0.729,-0.27400545454545455,0.37409090909090914,0.27596,-1.2919097222222222,-0.9221051420454545,-1.309592145412458,-0.9542410898042929,7.65625,NO,0.0026,17.147853333333334,611.62578125,20.359635416666666,0.26116927083333336,17.159226796875,595.8057291666667,18.573697916666667,0.13404427083333334,17.368871927083333,576.3075520833333,18.95703125,0.19709895833333335,18.17319625,499.99583333333334,17.0125,0.3830078125,16.182198177083333,492.36171875,16.871354166666666,0.30688802083333333,15.312314921875,473.6067708333333,16.545833333333334,0.3394166666666667
Hungerford,2019-09-02 07:00:00,245,fall,49.4,59.083333333333336,0.4,0.013915492957746477,0,0,1,5,11.4,19.8,107.8,53.51539999999999,1.32768742437367,0.852348841493525,0.054990247838291935,0.419566946790472,0.42731919629338916,5.819449100153583,6.625427411338027,0.9167768160816594,15.980944506949406,91.13995545752775,0.03623154382603916,0.06905335963998516,7.26565625,38.172,-0.877,-0.373,0.4910000000000001,0.54901,-1.4599093013468014,-1.077626273148148,-1.432458648989899,-1.0547027330597643,23.645833333333332,MP,0.0198,17.482269427083335,632.46953125,18.2890625,0.21635677083333332,17.443195078125,612.9447916666667,17.385677083333334,0.12630989583333332,17.660517708333334,575.71484375,17.678645833333334,0.19109635416666668,18.56066765625,512.4578125,15.802864583333333,0.38730729166666666,17.495625208333333,511.1953125,15.852864583333334,0.3066875,16.41166984375,510.17109375,15.693229166666667,0.3331953125
Hungerford,2019-10-01 17:45:00,274,fall,34.8,8.666666666666666,1.1199999999999999,0.06628571428571428,4,4,9.4,9.4,27,38.2,100.4,43.22982499999999,3.94265791920162,3.332127539457774,0.2961891146184688,0.5862610144805114,0.6063184360600679,7.716879143292744,22.93492609591784,1.748155443741802,29.011451868318435,NA,0.4829966450729958,0.003704681618737821,NA,NA,-0.62048,-0.25153,0.4655290909090909,0.5220772727272727,-1.1070812920875421,-0.798859396043771,-1.116456602483165,-0.7666413007680977,26.364583333333332,NO,0.0019,17.630704010416668,636.4369791666667,14.951041666666667,0.26827864583333333,17.492274973958335,638.2911458333333,14.7984375,0.1153828125,17.8799115625,576.5671875,14.95234375,0.192453125,18.939247447916667,491.9328125,13.329427083333334,0.3967291666666667,15.837608619791666,499.93333333333334,13.704947916666667,0.3085598958333333,16.329991354166665,492.6518229166667,13.77890625,0.35559635416666663
Hungerford,2019-10-07 07:45:00,280,fall,18,9.583333333333334,0.12,0.03103448275862069,0.2,0.2,4.2,5.800000000000001,44.6,78.8,91.60000000000001,22.922710000000002,2.65924541268678,1.8249635722491333,0.17380605449991746,0.8472228900985935,0.9802443619429827,6.774318327843192,25.496384270430966,0.9750050546437499,57.82609883934878,NA,3.0688031926863077,3.611591823302908e-4,NA,NA,-0.68967,-0.29997,0.0973081818181818,0.16597454545454543,-0.8464551946548822,-0.5293875462962963,-0.7979543268623738,-0.472275811763468,3.34375,NO,0.0184,17.85165517361111,622.2298611111111,11.45,0.3251076388888889,17.5292046875,614.7131944444444,12.488194444444444,0.16892708333333334,17.92192503472222,579.7069444444444,12.635416666666666,0.2505,18.920230486111112,446.45416666666665,11.052777777777777,0.5128923611111111,11.099107333333333,429.5083333333333,12.021180555555555,0.3624861111111111,13.086708958333332,280.44828472222224,12.551388888888889,0.3644236111111111
Hungerford,2019-10-17 03:00:00,290,fall,40.4,30.916666666666668,0.2,0.021720430107526882,0,0,0,0,0,23.8,96.8,40.4,5.54347151864575,4.8797111466078595,0.2269633091445516,0.6614392567640145,0.6929171047796664,12.974471183041084,51.34744091363935,4.301524058233604,26.396637778534846,1211.9088075743266,2.6668284247667957,2.2265406215025068e-4,2.5151805555555558,290.04866666666663,-0.6195927272727273,-0.27575636363636363,0.29318727272727274,0.4094836363636363,-0.9549765972222222,-0.6930853209175084,-0.9292789788510101,-0.6557481681397306,7.71875,NO,0.0012,17.658579244791667,615.37109375,11.648177083333334,0.31928645833333336,17.371231354166667,622.1028645833334,12.161197916666667,0.17844531249999998,17.775244088541665,584.9002604166667,12.201822916666666,0.24666666666666667,19.033300390625,-39.40837239583333,10.383333333333333,0.413546875,5.976453713541667,345.36875,11.04921875,0.3393333333333333,7.480855239583334,528.5682291666667,11.388020833333334,0.36538020833333335
Hungerford,2019-10-23 01:15:00,296,fall,7.800000000000001,7.166666666666667,0.12,0.01793103448275862,0,0,0.2,0.2,40.6,40.6,137.4,7.971475000000001,1.45172688173584,0.4196144714358401,0.027071901382957425,1.0138608579736512,1.2368027645045772,4.908026845529189,16.759582691194275,0.05100659140495957,726.5894102273039,17.19271768686481,3.96550576406018,5.347787136644747e-4,3.2129861111111113,5.3,-0.7264618181818182,-0.36179,0.03776999999999997,0.12034181818181816,-0.7978235563973064,-0.5137831881313131,-0.7698425802293771,-0.44630283433291246,3.40625,NO,4e-4,17.756886354166667,607.965625,9.284375,0.33771875,17.44046003472222,622.1274305555555,10.190625,0.208625,17.898897152777778,591.7052083333333,10.14861111111111,0.3001909722222222,13.168445868055555,-271.25381944444445,8.741666666666667,0.5187743055555556,4.747534201388889,247.66458333333333,9.661805555555555,0.3707465277777778,5.024768107638889,48.32107986111111,10.249652777777778,0.36793055555555554
Hungerford,2019-10-27 09:15:00,300,fall,22.8,24.25,0.2,0.015616438356164383,0,0,0,0.6000000000000001,8,48.400000000000006,116.4,23.28870375,4.25832686115187,3.342167950316719,0.3427864564427404,0.944235663368126,1.0976712604297898,10.988544583770405,35.17450608715585,1.9428552485493211,40.034990365654345,648.0593812109342,3.2213975260784804,1.0425000000000015e-4,2.3457291666666666,334.4386666666667,-0.6359136363636363,-0.27866545454545455,0.15823909090909094,0.2701863636363636,-0.8214971106902357,-0.5451337752525253,-0.7905234211910774,-0.48136877577861953,2.3229166666666665,NO,0.0159,17.843318697916665,619.7026041666667,9.457291666666666,0.33859895833333337,17.500356510416665,629.8828125,10.540625,0.216015625,17.965904427083334,592.4234375,10.363541666666666,0.3018854166666667,19.655685364583334,-313.08697916666665,9.2015625,0.516046875,1.9922001770833333,14.038151041666667,9.866666666666667,0.36986458333333333,3.5598098541666667,436.878125,10.202083333333333,0.3680364583333333
Hungerford,2019-10-31 04:00:00,304,fall,64.4,26.666666666666668,0.8400000000000001,0.04012461059190031,0,0,1.8,22.8,22.8,70.8,133.8,83.04790625,11.6995887188309,10.451133687311119,0.34837112291037065,1.339237477818971,1.9105328918969826,27.16570502099164,53.39207804592629,10.537440154428674,11.20453579462876,3939.191245439475,3.7761302169994035,0.0026265503679062737,3.878923611111111,484.35,-0.31354,0.073104,0.43983,0.487074,-0.7526754145622896,-0.4032157859848485,-0.7296504721696128,-0.38347762415824915,1.3645833333333333,NO,4e-4,17.5085271875,568.6229166666667,11.965625,0.342,17.330020208333334,581.01875,11.084375,0.249,17.724154583333334,545.5572916666666,10.828125,0.31173958333333335,14.964700729166667,-301.0625,9.872916666666667,0.5165520833333334,1.0222993802083333,-136.225,9.957291666666666,0.36926041666666665,2.4150234479166666,-64.9358125,10.047916666666666,0.3683125
